lux,r,g,b,decision
22.8,198,69,117,OFF
13.5,206,82,118,OFF
4.5,163,142,166,RED
25.2,112,199,169,OFF
21.5,80,82,161,OFF
21.7,124,175,108,OFF
14.9,178,137,55,OFF
16.2,99,82,110,OFF
18.3,174,94,52,OFF
19.9,152,125,160,OFF
28.2,125,190,156,OFF
11.4,168,129,106,OFF
12.4,93,192,104,OFF
22.6,219,162,73,OFF
5.3,196,171,88,WHITE
8.2,111,153,101,RED
6.5,205,121,88,WHITE
23.5,158,157,116,OFF
24.5,196,70,63,OFF
10.2,203,160,53,OFF
14.2,138,108,81,OFF
29.4,119,132,51,OFF
21.0,160,125,79,OFF
13.6,140,85,178,OFF
17.2,179,190,120,OFF
24.3,153,157,70,OFF
8.5,217,120,152,WHITE
10.4,139,91,88,OFF
9.6,212,181,131,WHITE
21.1,168,104,160,OFF
29.1,156,163,108,OFF
1.4,122,99,79,BOTH
15.5,197,134,63,OFF
29.5,97,175,180,OFF
10.6,207,63,132,OFF
19.7,114,62,173,OFF
25.7,148,61,82,OFF
15.9,132,119,167,OFF
28.0,129,60,99,OFF
22.1,81,127,127,OFF
4.5,110,171,149,RED
22.9,152,108,180,OFF
15.7,135,122,66,OFF
4.3,127,159,123,RED
20.7,123,165,54,OFF
20.9,200,188,163,OFF
19.0,125,159,103,OFF
2.7,157,89,156,BOTH
7.9,97,81,144,RED
21.5,185,81,97,OFF
28.4,141,113,147,OFF
14.0,191,152,58,OFF
10.0,173,89,175,OFF
14.8,88,157,98,OFF
15.7,90,145,115,OFF
2.3,96,138,69,RED
16.1,94,78,67,OFF
8.9,125,152,137,RED
9.1,106,172,103,RED
19.5,205,169,65,OFF
18.4,133,107,65,OFF
28.2,195,109,176,OFF
22.2,161,197,54,OFF
0.7,114,68,150,RED
21.1,204,197,155,OFF
8.9,130,144,144,RED
4.1,218,125,112,BOTH
24.4,188,147,70,OFF
27.0,148,138,156,OFF
8.7,112,147,69,RED
27.0,170,115,69,OFF
4.8,102,84,51,BOTH
3.4,117,91,76,BOTH
20.0,87,120,110,OFF
11.9,84,120,172,OFF
12.4,107,166,139,OFF
12.6,192,97,75,OFF
29.7,144,131,167,OFF
14.0,92,105,133,OFF
21.6,182,89,125,OFF
7.1,108,156,117,RED
21.5,144,134,68,OFF
7.4,187,123,174,WHITE
27.8,191,67,179,OFF
25.9,203,67,65,OFF
11.2,219,152,98,OFF
22.6,196,199,171,OFF
1.8,139,168,177,RED
13.4,196,151,57,OFF
19.3,150,118,110,OFF
20.2,135,171,125,OFF
4.2,98,185,130,RED
23.3,179,195,126,OFF
21.3,180,121,136,OFF
18.0,175,64,177,OFF
20.6,115,185,118,OFF
15.9,180,172,95,OFF
26.0,127,126,128,OFF
19.1,98,62,101,OFF
11.3,179,105,72,OFF
21.6,87,188,123,OFF
9.2,186,101,83,WHITE
26.0,179,170,97,OFF
26.6,182,76,143,OFF
25.0,147,82,124,OFF
18.9,82,90,141,OFF
18.0,90,137,63,OFF
17.8,184,144,124,OFF
24.7,108,114,98,OFF
11.1,181,94,84,OFF
12.9,113,87,169,OFF
3.3,118,121,146,RED
9.1,211,159,58,WHITE
13.7,83,175,134,OFF
6.3,184,93,73,WHITE
2.4,181,153,93,BOTH
10.7,140,85,72,OFF
20.1,126,174,169,OFF
9.7,124,121,105,WHITE
18.8,133,95,139,OFF
11.6,211,148,131,OFF
9.1,203,101,106,WHITE
3.9,204,63,50,BOTH
4.0,173,155,150,BOTH
3.4,137,143,53,RED
19.6,155,119,88,OFF
6.0,145,150,53,RED
22.7,153,124,92,OFF
14.6,186,153,62,OFF
3.3,84,106,68,RED
24.9,95,131,164,OFF
15.9,218,106,156,OFF
17.1,164,138,125,OFF
4.9,125,149,88,RED
10.7,106,157,113,OFF
11.2,98,157,126,OFF
28.2,174,176,53,OFF
18.5,175,167,53,OFF
6.8,219,83,126,WHITE
8.3,209,159,149,WHITE
5.8,104,120,165,RED
19.7,152,145,72,OFF
20.4,135,161,146,OFF
12.5,143,135,148,OFF
25.8,107,196,111,OFF
0.8,130,61,169,RED
10.9,212,148,74,OFF
1.1,142,60,51,BOTH
22.8,160,149,114,OFF
2.5,131,180,137,RED
19.4,129,164,162,WHITE
14.3,170,87,109,OFF
20.6,202,104,159,OFF
27.6,105,168,157,OFF
13.5,135,100,129,BOTH
13.5,144,118,133,OFF
28.0,94,190,129,OFF
21.5,173,128,33,OFF
11.6,121,102,117,WHITE
19.7,142,96,69,RED
11.7,132,142,119,OFF
11.7,118,79,67,OFF
17.3,149,120,66,WHITE
0.1,141,142,176,OFF
1.6,135,180,155,WHITE
10.9,120,155,112,OFF
7.3,163,102,120,OFF
17.9,216,175,103,OFF
8.1,155,118,135,RED
4.1,190,82,86,OFF
27.1,94,123,152,OFF
13.6,156,185,103,OFF
15.9,106,136,96,OFF
4.0,90,130,113,OFF
11.0,120,193,89,OFF
16.3,198,75,125,WHITE
6.2,188,80,91,OFF
18.4,159,68,131,RED
10.6,88,144,160,OFF
13.1,142,136,84,OFF
10.6,162,189,107,OFF
30.2,157,139,131,BOTH
15.3,76,114,95,RED
6.9,114,130,131,OFF
22.0,147,134,134,RED
5.6,171,66,155,OFF
17.1,62,234,89,OFF
0.0,143,150,75,OFF
4.8,155,138,100,OFF
17.0,184,153,74,OFF
21.3,177,157,135,RED
16.8,173,124,67,OFF
14.5,118,105,204,RED
13.0,73,153,164,OFF
3.6,134,144,113,OFF
9.6,190,99,147,RED
11.7,206,184,48,RED
23.8,178,141,212,WHITE
18.1,167,158,89,OFF
1.3,165,183,108,RED
18.0,127,131,39,RED
12.3,144,142,132,OFF
10.0,217,161,69,OFF
20.3,112,102,117,OFF
23.6,214,132,91,OFF
22.8,137,135,70,OFF
8.7,203,93,81,BOTH
12.9,93,219,121,OFF
18.0,173,76,62,RED
23.2,120,80,83,OFF
11.6,93,180,139,OFF
13.9,158,157,215,OFF
6.6,190,90,131,OFF
5.8,116,153,76,OFF
21.9,90,186,98,BOTH
26.2,146,129,114,OFF
14.8,146,229,99,WHITE
23.4,172,64,148,OFF
18.3,188,156,121,OFF
10.2,147,174,148,OFF
18.3,224,164,100,OFF
27.7,159,122,165,OFF
15.1,136,119,106,OFF
27.9,85,147,74,OFF
0.0,139,161,198,RED
22.0,136,153,41,OFF
16.1,188,170,83,OFF
13.0,168,91,88,OFF
16.1,102,121,211,RED
0.0,157,94,184,RED
13.6,177,115,171,RED
18.2,211,169,99,OFF
27.2,185,134,208,OFF
11.3,180,230,127,RED
8.9,152,137,151,OFF
11.4,165,132,120,OFF
22.7,200,134,111,OFF
18.0,96,105,103,OFF
11.2,136,127,104,OFF
19.5,119,173,136,OFF
16.2,165,134,127,OFF
23.1,199,99,111,OFF
9.8,126,94,172,WHITE
12.8,54,112,0,OFF
12.3,133,133,133,OFF
3.7,186,175,141,OFF
17.8,171,78,158,OFF
17.5,167,117,110,OFF
15.4,138,135,121,OFF
13.5,98,59,151,OFF
4.1,170,98,171,OFF
12.0,116,104,101,WHITE
12.7,237,99,123,OFF
9.0,173,137,179,OFF
14.1,126,124,29,OFF
18.6,125,108,85,BOTH
30.5,146,146,170,OFF
16.8,140,196,156,RED
17.5,195,193,133,OFF
14.8,157,56,95,OFF
0.1,120,152,78,OFF
15.2,226,123,89,OFF
15.9,152,136,174,OFF
35.1,181,114,88,OFF
13.9,125,134,117,OFF
17.8,164,135,83,OFF
15.1,162,107,146,OFF
6.1,74,95,91,WHITE
24.5,231,112,109,WHITE
21.4,201,139,46,OFF
21.7,134,153,49,BOTH
8.1,105,162,113,OFF
26.6,164,111,60,OFF
4.2,153,141,195,OFF
20.1,164,167,31,OFF
32.9,157,174,81,OFF
7.5,170,127,113,OFF
10.9,208,121,98,OFF
16.2,172,137,69,OFF
11.4,108,86,75,RED
3.0,204,122,73,WHITE
15.9,216,158,101,OFF
6.9,255,154,189,OFF
19.2,105,119,116,OFF
8.0,159,138,159,OFF
27.8,66,98,132,OFF
9.1,172,157,156,OFF
12.8,128,127,2,OFF
21.9,227,119,101,OFF
5.6,119,116,164,BOTH
17.2,82,127,90,RED
25.8,131,113,182,OFF
2.5,70,155,171,OFF
16.9,180,115,94,WHITE
17.5,67,191,93,OFF
21.6,151,186,73,OFF
5.5,66,95,88,OFF
4.8,137,132,64,OFF
19.6,216,105,129,RED
17.8,164,117,55,OFF
17.4,115,207,136,OFF
18.2,148,118,137,OFF
10.0,150,144,47,OFF
17.2,169,150,174,OFF
17.7,95,91,133,RED
9.7,173,97,142,OFF
30.3,41,83,83,OFF
19.2,124,96,137,OFF
5.9,130,20,157,OFF
20.6,175,151,109,OFF
7.6,151,209,191,OFF
21.7,93,135,114,OFF
24.7,110,75,157,OFF
8.8,158,105,124,OFF
23.1,147,112,136,BOTH
18.7,126,91,47,OFF
22.0,130,163,127,OFF
30.6,178,161,84,OFF
13.4,129,85,79,OFF
9.4,146,158,181,OFF
8.3,237,188,104,OFF
8.9,93,203,73,OFF
14.8,75,240,98,OFF
18.1,181,95,61,OFF
17.6,122,238,169,OFF
22.0,137,116,85,OFF
15.5,118,107,133,OFF
27.0,139,142,166,RED
13.3,214,107,93,WHITE
37.1,182,145,133,OFF
20.4,184,79,72,OFF
8.5,93,121,209,OFF
6.8,104,179,149,OFF
19.2,36,127,105,OFF
13.6,117,135,82,OFF
21.1,188,148,108,OFF
19.2,170,175,99,OFF
14.8,141,66,189,OFF
8.6,149,152,64,RED
3.3,122,119,118,OFF
11.8,158,136,112,OFF
22.2,180,170,108,OFF
17.1,85,84,108,OFF
5.4,162,91,108,OFF
16.8,187,55,147,OFF
18.5,133,109,137,OFF
8.3,178,181,129,OFF
16.6,255,125,0,OFF
15.9,146,78,124,OFF
6.3,165,111,47,OFF
18.3,120,73,138,OFF
19.9,157,87,171,OFF
24.0,168,145,76,OFF
23.8,158,85,102,OFF
4.4,109,172,89,WHITE
7.9,158,127,161,OFF
19.5,208,133,116,WHITE
19.5,168,119,181,OFF
19.5,188,159,129,BOTH
46.2,140,160,122,OFF
20.0,180,143,115,BOTH
24.5,161,151,145,OFF
23.0,112,122,44,OFF
20.6,162,150,116,OFF
12.9,110,117,110,BOTH
21.5,124,130,141,OFF
9.2,157,119,105,OFF
13.5,162,112,72,OFF
11.5,102,103,113,OFF
16.0,192,148,70,OFF
33.9,173,180,37,RED
0.5,121,175,141,BOTH
20.9,88,81,135,WHITE
2.5,144,179,131,OFF
11.6,132,117,164,OFF
24.1,154,153,86,OFF
15.9,135,95,56,OFF
6.8,69,135,110,OFF
9.7,134,142,99,RED
20.8,137,73,79,OFF
9.6,175,153,109,WHITE
17.1,122,181,88,WHITE
15.8,217,123,40,OFF
10.2,73,182,95,BOTH
32.5,202,122,68,OFF
20.5,141,162,122,OFF
0.0,184,45,87,OFF
16.9,153,222,156,OFF
10.1,195,187,176,OFF
22.2,134,119,139,OFF
9.1,106,54,51,OFF
14.5,207,141,172,OFF
19.4,145,74,175,OFF
22.3,159,147,113,OFF
5.8,199,145,165,OFF
12.7,108,94,91,OFF
11.6,174,173,39,OFF
10.2,126,161,83,OFF
29.5,144,167,181,WHITE
18.6,153,130,54,OFF
5.3,90,75,112,OFF
22.7,118,167,114,OFF
32.4,204,119,92,OFF
23.6,185,76,95,OFF
3.2,147,182,115,OFF
11.5,159,210,90,RED
25.5,138,128,56,RED
9.7,204,213,121,OFF
18.9,142,133,155,WHITE
21.6,159,115,147,OFF
8.0,196,105,81,BOTH
14.9,119,193,63,OFF
0.0,212,100,101,OFF
7.2,88,158,174,OFF
13.4,215,108,138,OFF
5.4,135,112,140,RED
28.4,140,169,148,OFF
4.0,74,115,129,OFF
11.9,131,114,117,OFF
16.4,108,173,139,OFF
26.9,125,191,91,OFF
3.9,144,154,57,BOTH
24.7,188,105,141,WHITE
15.5,158,110,161,OFF
7.5,162,133,68,OFF
19.1,106,142,145,OFF
17.0,114,92,179,RED
10.6,222,157,112,WHITE
16.0,120,133,80,OFF
12.3,216,64,117,RED
16.3,140,94,91,OFF
20.7,150,110,88,OFF
28.1,193,127,130,WHITE
5.5,201,202,49,OFF
32.4,145,139,56,OFF
0.0,134,97,113,OFF
14.2,147,138,112,OFF
20.1,163,116,126,OFF
17.6,185,142,186,WHITE
10.4,150,152,117,OFF
13.7,175,176,136,RED
11.5,215,129,74,OFF
10.7,165,193,143,OFF
22.2,162,165,92,BOTH
18.2,89,103,115,OFF
9.9,44,214,108,OFF
22.6,165,142,153,OFF
17.8,146,98,61,OFF
21.9,129,193,23,OFF
20.4,159,209,104,WHITE
8.8,147,128,131,BOTH
10.9,195,110,119,OFF
21.4,153,123,161,RED
20.3,120,157,130,RED
15.2,189,179,90,OFF
16.3,141,152,21,OFF
25.6,171,134,103,OFF
10.7,131,187,153,OFF
19.8,124,118,97,OFF
13.8,153,169,114,OFF
13.7,150,119,129,OFF
24.2,169,146,72,OFF
22.0,139,125,137,OFF
21.9,76,128,177,OFF
25.8,132,115,106,OFF
15.6,182,181,68,RED
20.8,138,102,110,OFF
12.9,140,101,25,RED
18.0,189,211,126,BOTH
14.4,121,167,130,RED
16.2,88,38,179,RED
20.1,143,108,105,WHITE
8.9,130,60,129,OFF
32.1,111,93,79,BOTH
7.4,143,9,98,RED
5.7,169,124,52,RED
24.6,149,86,105,OFF
21.7,162,132,100,OFF
20.4,222,67,124,OFF
20.4,136,133,88,OFF
15.3,161,114,116,OFF
8.2,129,187,99,OFF
16.0,116,184,99,OFF
10.0,126,160,116,OFF
23.2,131,117,114,OFF
14.2,164,206,143,OFF
8.8,244,70,108,OFF
12.8,121,76,99,OFF
18.7,133,126,105,OFF
10.9,147,216,84,OFF
8.8,166,122,98,BOTH
17.3,160,123,193,RED
17.4,201,74,77,RED
11.3,52,166,102,OFF
11.6,54,166,97,OFF
17.2,130,160,103,OFF
3.8,194,106,99,BOTH
4.1,87,103,124,RED
9.7,29,80,45,OFF
13.7,173,133,153,RED
17.9,159,88,137,OFF
27.2,106,85,64,OFF
22.2,110,113,23,OFF
14.1,111,111,74,OFF
15.2,154,109,103,OFF
7.4,125,148,214,RED
15.2,170,133,134,OFF
13.1,35,119,41,OFF
18.0,115,137,85,WHITE
8.8,105,92,110,OFF
19.5,139,134,123,OFF
27.6,128,135,61,OFF
14.5,182,72,107,OFF
18.6,75,168,84,OFF
20.9,152,96,69,OFF
12.2,172,133,123,OFF
17.2,224,174,143,OFF
15.5,130,165,146,OFF
16.2,163,131,135,WHITE
9.2,77,116,93,RED
15.6,54,166,141,OFF
19.4,184,156,125,OFF
27.0,149,106,118,OFF
23.1,197,99,88,OFF
32.6,95,50,93,OFF
9.3,171,136,115,RED
22.4,225,127,209,OFF
16.9,167,173,124,OFF
32.9,161,143,88,WHITE
8.9,150,181,80,WHITE
8.7,87,103,93,OFF
10.6,204,173,198,OFF
0.0,125,109,97,OFF
11.2,170,160,148,RED
9.3,87,74,98,OFF
16.6,102,139,123,OFF
18.1,207,54,144,BOTH
30.4,136,119,90,OFF
23.0,208,147,87,WHITE
10.8,147,110,178,BOTH
8.2,76,89,151,OFF
19.3,185,162,144,RED
4.8,126,126,144,OFF
30.0,178,111,131,RED
24.8,151,131,192,RED
11.6,88,231,114,OFF
1.7,156,174,135,RED
26.2,238,174,55,RED
14.5,169,146,80,OFF
25.3,147,136,65,OFF
2.6,193,38,163,OFF
10.6,158,104,12,OFF
15.4,158,111,97,BOTH
15.8,106,58,0,RED
11.8,159,85,80,OFF
20.4,191,54,93,OFF
6.9,116,128,167,OFF
14.3,207,161,128,OFF
16.4,146,172,80,OFF
19.5,114,146,155,OFF
21.1,190,93,113,OFF
6.4,138,56,114,BOTH
3.1,180,62,65,OFF
25.6,138,81,73,OFF
18.0,147,96,80,OFF
9.4,170,124,114,BOTH
27.8,161,91,116,RED
16.3,70,143,173,WHITE
24.8,105,121,128,OFF
15.9,187,130,6,OFF
31.9,144,173,123,OFF
29.4,129,84,55,OFF
13.4,95,146,74,OFF
23.2,106,129,80,WHITE
20.6,69,117,86,OFF
26.3,146,164,58,OFF
7.7,126,163,121,RED
20.9,111,93,57,OFF
23.9,147,123,127,OFF
1.3,164,140,201,OFF
5.9,234,119,60,OFF
0.0,89,152,101,RED
13.2,196,140,13,OFF
21.1,189,200,101,WHITE
27.4,118,71,138,RED
16.0,158,125,141,WHITE
28.4,131,95,116,OFF
4.4,157,153,148,OFF
1.8,210,68,213,OFF
14.9,174,143,180,OFF
18.5,170,106,92,WHITE
15.1,132,102,55,OFF
0.0,90,74,96,RED
14.7,141,112,75,OFF
5.0,198,171,130,OFF
20.7,88,129,66,WHITE
18.3,107,154,110,OFF
7.9,155,194,146,RED
11.3,110,140,109,OFF
6.9,118,108,75,BOTH
14.9,133,148,159,OFF
23.0,95,109,38,RED
7.5,111,110,100,OFF
19.4,178,71,111,OFF
11.2,97,165,113,WHITE
9.1,86,115,120,WHITE
14.5,124,137,137,OFF
7.1,179,90,111,OFF
11.0,142,146,98,OFF
5.8,131,100,96,OFF
31.1,151,124,88,RED
15.7,80,163,144,OFF
9.8,170,160,87,OFF
17.1,165,129,146,OFF
14.5,133,62,113,OFF
13.6,190,245,92,RED
20.3,104,197,137,BOTH
21.4,195,157,84,OFF
11.2,156,101,138,OFF
10.8,136,125,121,OFF
13.2,149,109,89,OFF
0.0,145,178,133,OFF
3.3,199,140,134,OFF
26.3,107,100,158,OFF
28.5,119,112,151,OFF
13.4,191,173,132,WHITE
20.0,126,191,68,RED
17.9,186,188,209,BOTH
40.0,218,159,57,OFF
24.3,134,120,150,OFF
14.4,177,5,130,OFF
7.8,103,141,66,OFF
2.6,180,130,108,OFF
17.0,158,135,109,OFF
9.3,169,132,164,OFF
4.0,124,79,84,OFF
10.2,83,151,102,OFF
6.7,170,154,20,OFF
28.9,67,156,181,OFF
22.4,137,166,70,OFF
15.3,187,153,125,RED
27.2,157,114,109,OFF
16.0,228,127,109,RED
8.5,191,133,144,OFF
27.6,123,134,178,OFF
19.7,151,168,122,RED
7.1,148,154,138,OFF
13.9,86,209,125,OFF
8.4,112,214,153,WHITE
4.3,127,133,94,OFF
22.8,68,0,155,OFF
30.7,152,177,156,RED
4.2,140,109,155,OFF
19.9,83,99,86,OFF
10.2,166,114,106,OFF
11.5,178,113,122,RED
10.7,159,153,58,OFF
8.5,137,70,175,OFF
15.8,173,88,112,OFF
8.8,177,143,124,WHITE
17.6,162,154,90,OFF
15.0,117,154,60,RED
13.5,161,99,89,OFF
8.1,198,92,121,OFF
10.8,126,110,139,RED
21.4,234,139,119,BOTH
19.4,129,187,126,OFF
7.6,151,51,99,OFF
16.2,123,121,132,WHITE
21.4,159,79,171,OFF
2.1,80,66,140,OFF
19.7,128,167,144,OFF
10.1,106,151,124,RED
20.0,155,147,53,RED
9.3,190,165,71,WHITE
1.0,176,111,130,OFF
2.4,55,113,112,OFF
15.8,232,214,130,OFF
17.5,162,120,179,OFF
8.2,119,158,141,OFF
20.5,156,130,162,OFF
2.1,157,59,116,OFF
14.9,123,51,81,OFF
5.7,158,107,110,OFF
10.2,125,170,81,RED
15.8,133,160,174,OFF
8.5,122,165,144,OFF
12.3,92,92,133,OFF
23.4,156,192,161,RED
10.8,173,93,33,OFF
22.1,170,138,136,OFF
6.4,183,129,61,OFF
19.6,163,123,112,OFF
26.9,128,181,100,RED
0.0,183,103,139,OFF
9.0,95,78,121,OFF
20.0,114,130,166,OFF
13.8,111,114,89,OFF
18.4,193,255,140,OFF
10.6,188,156,119,OFF
16.1,169,114,48,OFF
14.1,193,89,76,RED
24.7,114,58,107,RED
17.4,164,90,156,OFF
18.1,145,134,131,OFF
12.1,184,184,66,OFF
11.5,145,173,107,OFF
11.9,134,138,192,OFF
18.5,171,117,117,BOTH
12.0,185,140,100,OFF
17.7,123,110,132,WHITE
32.0,147,196,143,OFF
22.4,107,122,95,OFF
12.8,50,126,132,OFF
25.0,158,45,100,OFF
12.1,174,122,141,OFF
0.0,160,162,119,WHITE
7.3,72,89,132,RED
0.4,136,101,83,OFF
12.6,61,160,80,OFF
15.5,205,73,150,WHITE
28.8,106,170,109,RED
18.0,200,109,124,OFF
13.6,188,115,100,OFF
22.0,114,87,148,OFF
0.0,104,144,89,OFF
17.3,164,224,107,OFF
21.6,116,160,143,OFF
3.6,154,97,159,OFF
24.5,130,173,92,OFF
18.1,78,118,190,OFF
12.1,60,182,125,BOTH
20.4,159,161,71,BOTH
33.5,127,17,127,OFF
16.8,128,91,97,OFF
17.4,178,166,130,OFF
11.7,197,136,111,OFF
8.6,139,90,115,OFF
22.0,136,105,77,OFF
8.6,170,57,152,OFF
16.0,95,126,67,OFF
11.6,159,215,69,OFF
19.2,172,161,127,RED
18.1,177,214,176,OFF
23.7,72,164,99,OFF
11.3,119,169,140,OFF
13.2,114,205,155,OFF
7.6,154,144,145,OFF
11.8,169,123,100,RED
18.4,210,169,70,OFF
21.4,130,185,26,RED
8.0,130,111,102,OFF
22.3,196,102,159,OFF
26.2,162,135,68,OFF
18.7,201,162,140,OFF
30.4,161,160,75,OFF
9.2,103,75,117,WHITE
5.4,96,203,140,OFF
1.2,87,105,87,OFF
27.3,176,120,119,WHITE
20.6,197,95,96,OFF
14.9,224,233,140,OFF
17.6,184,139,122,OFF
6.4,196,97,115,OFF
34.9,126,163,174,OFF
16.4,103,159,139,OFF
16.3,184,122,85,OFF
21.2,166,162,109,OFF
19.2,154,98,110,OFF
17.2,165,111,116,OFF
9.1,163,53,212,OFF
19.2,201,79,127,BOTH
30.4,202,199,32,OFF
26.1,172,193,91,RED
28.1,184,132,36,OFF
11.3,170,193,100,OFF
7.5,131,124,34,OFF
14.4,180,120,78,RED
15.8,94,132,53,OFF
24.1,192,125,128,RED
1.9,102,121,113,BOTH
27.6,161,174,124,OFF
14.1,116,135,108,OFF
12.0,172,157,58,OFF
7.3,148,169,133,OFF
2.2,86,145,188,OFF
22.0,167,92,129,WHITE
16.0,127,78,96,OFF
5.1,185,135,56,OFF
5.0,150,123,77,OFF
12.7,166,133,130,WHITE
28.7,111,129,155,OFF
13.3,126,229,123,WHITE
3.4,131,79,144,BOTH
13.4,184,53,140,OFF
13.2,217,142,132,OFF
0.0,117,115,87,OFF
15.0,193,142,119,OFF
13.5,63,152,79,OFF
21.0,102,179,113,OFF
30.2,111,72,126,OFF
24.4,95,108,179,OFF
13.2,86,146,61,OFF
6.5,166,159,131,OFF
36.0,141,214,171,OFF
15.9,165,166,142,RED
15.5,177,128,145,OFF
15.2,160,96,136,OFF
17.0,176,108,164,RED
14.2,147,107,70,BOTH
10.8,102,155,58,OFF
11.0,192,140,112,OFF
15.1,126,79,27,OFF
11.0,112,113,161,OFF
9.7,143,163,161,WHITE
16.2,113,143,95,OFF
13.4,133,152,98,RED
27.4,164,144,110,OFF
0.0,164,192,115,OFF
24.1,114,139,118,OFF
25.4,130,115,135,OFF
0.0,193,95,106,OFF
12.7,170,139,150,OFF
12.4,233,36,130,OFF
4.1,197,123,89,RED
9.2,196,122,165,OFF
6.5,94,77,59,RED
29.4,180,94,109,OFF
22.9,148,161,151,RED
25.6,128,139,84,BOTH
21.2,156,134,125,OFF
6.4,188,141,134,WHITE
11.2,170,133,79,OFF
19.3,114,177,110,RED
5.6,179,134,106,OFF
21.1,124,74,91,OFF
13.5,158,192,203,OFF
12.4,138,144,82,OFF
21.1,141,107,152,OFF
18.9,180,82,97,BOTH
12.5,108,145,70,RED
24.7,228,125,117,OFF
6.8,77,190,138,RED
20.3,126,116,149,RED
20.1,165,98,174,OFF
12.9,173,164,229,OFF
18.0,146,165,122,OFF
5.4,147,136,86,WHITE
22.8,166,156,130,RED
13.9,140,128,102,OFF
11.2,206,139,149,OFF
23.8,183,174,61,RED
9.8,185,154,206,WHITE
4.1,111,123,146,RED
3.0,147,182,46,OFF
20.2,138,39,85,OFF
5.2,109,208,145,OFF
29.4,164,64,159,OFF
0.0,128,106,62,RED
29.0,176,128,141,OFF
17.1,107,124,36,RED
14.6,219,168,109,OFF
11.0,114,89,156,RED
18.6,159,140,91,OFF
15.1,181,107,53,OFF
24.2,127,141,118,OFF
16.3,184,127,89,OFF
16.6,100,133,137,BOTH
12.5,208,109,78,OFF
14.9,150,110,82,OFF
17.9,126,141,33,RED
1.7,138,166,119,WHITE
4.6,182,107,106,OFF
21.3,126,96,66,WHITE
16.8,120,153,120,OFF
13.9,141,128,153,OFF
15.5,102,162,104,OFF
18.2,223,95,123,OFF
11.1,127,61,123,OFF
9.2,183,109,65,OFF
17.0,158,100,194,OFF
7.6,110,127,94,RED
18.7,149,105,138,OFF
1.8,181,158,143,BOTH
23.6,142,119,107,RED
19.2,198,135,136,OFF
17.4,191,136,122,OFF
23.2,187,137,57,OFF
28.7,131,129,99,RED
23.5,106,149,88,OFF
0.7,125,99,94,OFF
5.2,158,183,61,WHITE
10.4,172,121,157,OFF
15.6,63,79,176,OFF
19.5,149,137,151,OFF
9.6,156,97,163,WHITE
16.9,139,155,99,WHITE
9.4,201,214,87,OFF
10.5,167,100,82,OFF
4.2,202,142,138,RED
8.0,141,62,121,RED
4.6,187,147,109,RED
7.6,215,96,164,OFF
23.8,202,106,128,WHITE
7.8,106,87,79,OFF
36.4,140,158,86,OFF
19.3,136,168,139,OFF
16.9,169,131,154,OFF
8.5,177,97,134,RED
21.0,116,191,187,OFF
10.8,152,101,177,RED
16.4,69,47,130,OFF
35.9,208,147,79,OFF
14.6,129,87,61,OFF
24.6,152,168,97,OFF
9.8,137,115,142,RED
15.1,196,153,184,OFF
29.5,36,183,129,OFF
10.4,149,83,159,OFF
29.9,145,108,103,RED
21.0,132,127,137,OFF
10.9,219,189,145,OFF
20.4,114,104,34,OFF
23.2,181,107,96,BOTH
20.4,164,148,150,OFF
2.8,200,108,123,OFF
9.6,123,136,65,RED
13.4,120,70,17,OFF
14.8,194,215,98,OFF
20.4,167,78,110,BOTH
16.8,88,117,78,OFF
4.7,128,128,118,OFF
18.4,165,203,132,OFF
20.3,183,79,139,WHITE
19.9,122,206,20,OFF
24.0,33,159,61,OFF
22.1,171,146,101,OFF
19.1,101,92,135,RED
14.8,69,152,132,OFF
2.1,36,102,131,OFF
18.8,182,178,97,OFF
17.1,155,92,100,OFF
17.6,141,125,84,RED
5.2,205,108,143,OFF
6.8,175,92,76,RED
23.8,215,158,146,OFF
15.1,94,150,121,RED
20.8,148,176,111,OFF
15.6,85,61,87,OFF
15.6,141,171,59,BOTH
22.9,140,226,87,BOTH
11.3,175,112,100,OFF
16.2,152,202,19,OFF
11.7,175,120,105,OFF
11.9,178,77,149,WHITE
12.9,236,118,135,OFF
17.2,137,170,93,OFF
11.6,112,98,114,OFF
25.4,160,107,91,BOTH
8.2,118,152,118,OFF
13.9,209,130,173,OFF
11.9,138,152,151,OFF
27.0,127,139,133,OFF
17.0,131,148,93,OFF
23.6,179,113,142,WHITE
3.5,143,139,46,RED
17.5,124,94,103,OFF
22.5,217,179,136,RED
16.1,115,105,142,OFF
23.9,151,173,139,OFF
11.3,176,121,124,BOTH
26.7,84,137,105,OFF
33.8,169,111,134,OFF
12.5,107,91,75,BOTH
11.8,183,63,79,OFF
27.0,111,89,115,RED
28.0,177,117,119,WHITE
11.2,194,138,41,OFF
12.0,184,168,130,OFF
13.1,160,113,143,OFF
4.6,140,96,109,OFF
8.1,127,74,206,OFF
7.4,209,148,86,RED
9.3,122,183,98,OFF
15.1,108,178,97,OFF
17.3,176,157,110,OFF
27.8,118,154,100,OFF
7.4,112,195,57,RED
23.3,92,142,91,OFF
13.7,130,154,109,RED
15.0,146,117,161,OFF
20.8,159,77,199,OFF
6.4,188,103,165,OFF
18.4,171,129,82,OFF
16.7,142,132,85,OFF
19.3,142,204,106,OFF
17.7,170,133,183,WHITE
35.0,201,175,106,OFF
10.3,155,113,60,WHITE
11.1,131,118,93,OFF
10.4,110,79,142,OFF
11.0,92,101,140,OFF
10.3,176,150,105,OFF
24.9,173,130,139,WHITE
26.7,173,166,23,OFF
10.8,145,137,117,OFF
8.7,206,116,146,OFF
19.2,130,212,80,OFF
11.0,188,126,80,RED
20.5,148,174,39,OFF
17.0,125,114,175,RED
3.3,173,157,84,OFF
27.8,166,165,122,BOTH
29.7,164,138,136,OFF
10.5,153,39,172,OFF
12.3,148,130,106,OFF
17.7,246,177,91,WHITE
18.1,197,150,119,OFF
20.7,179,147,163,OFF
31.5,154,64,106,OFF
14.0,190,102,75,OFF
9.0,170,145,52,RED
4.4,151,145,64,OFF
9.6,138,176,147,OFF
15.1,146,124,100,OFF
29.7,23,145,89,OFF
11.3,158,130,84,RED
17.2,130,92,116,BOTH
15.3,214,43,103,WHITE
24.9,150,146,102,OFF
35.6,102,136,166,OFF
11.1,148,106,173,RED
11.5,108,68,49,OFF
23.7,169,154,125,OFF
20.8,161,119,82,WHITE
30.2,188,151,103,OFF
20.1,118,201,125,OFF
12.5,151,48,104,OFF
20.1,95,103,122,OFF
24.3,178,122,139,OFF
22.0,171,186,124,WHITE
19.4,170,67,87,OFF
23.9,150,204,88,OFF
24.7,166,135,56,RED
26.4,214,126,79,OFF
20.6,138,122,190,OFF
14.1,155,113,81,OFF
16.6,106,170,65,RED
25.0,115,89,125,OFF
8.9,154,143,108,OFF
18.3,194,115,105,OFF
12.2,139,100,168,OFF
15.6,140,229,134,OFF
25.6,133,146,92,OFF
16.9,128,153,96,OFF
15.8,162,173,93,OFF
4.5,90,75,147,OFF
21.4,201,197,100,OFF
20.6,123,33,42,OFF
32.7,179,100,111,WHITE
12.9,99,112,52,RED
17.1,177,152,199,BOTH
17.4,177,138,74,OFF
28.0,165,123,106,OFF
14.6,110,129,123,OFF
17.6,160,92,101,OFF
20.3,102,72,101,OFF
16.9,140,158,129,OFF
11.8,191,156,173,OFF
16.9,182,190,143,OFF
24.0,150,99,171,OFF
7.2,111,156,71,OFF
16.5,176,119,125,OFF
9.8,150,175,119,OFF
24.9,57,169,126,BOTH
3.2,181,138,167,OFF
10.9,149,117,104,OFF
18.4,198,167,97,WHITE
27.9,106,155,134,OFF
14.9,22,103,42,OFF
11.0,161,79,103,OFF
30.4,161,119,107,OFF
3.8,82,188,76,OFF
0.0,110,174,154,OFF
18.9,255,87,71,OFF
11.4,137,85,107,RED
7.2,179,179,124,OFF
21.1,124,86,166,OFF
17.3,66,149,112,OFF
10.9,143,106,149,OFF
5.2,139,192,140,RED
22.4,134,100,117,OFF
20.6,145,174,70,RED
14.6,160,137,56,OFF
30.2,144,139,117,RED
6.8,99,54,91,OFF
3.2,169,45,149,OFF
9.9,72,121,142,RED
15.0,67,139,105,RED
17.3,179,87,67,OFF
13.5,170,88,133,BOTH
18.2,147,151,72,OFF
5.4,94,151,83,OFF
26.9,121,124,74,OFF
14.7,139,160,107,RED
24.3,86,85,159,BOTH
18.1,120,116,112,OFF
19.0,176,193,95,OFF
19.9,207,132,52,OFF
19.0,133,135,134,OFF
20.5,180,218,82,OFF
26.0,73,76,117,OFF
17.0,176,160,99,OFF
21.1,117,194,146,OFF
14.7,162,117,106,OFF
26.9,140,163,110,OFF
10.0,203,92,132,OFF
29.8,115,103,196,OFF
15.1,175,144,148,OFF
4.0,138,160,109,OFF
16.4,143,173,113,OFF
9.9,142,190,92,OFF
22.1,116,127,75,BOTH
10.2,149,175,91,OFF
11.8,147,117,82,OFF
0.3,159,164,138,OFF
11.8,153,138,70,OFF
0.0,182,147,165,WHITE
2.7,187,146,142,BOTH
21.5,108,68,113,OFF
21.7,185,87,113,OFF
18.8,102,134,91,RED
7.7,173,65,123,OFF
15.0,175,162,155,RED
15.4,73,163,85,RED
6.1,153,142,52,OFF
27.4,131,87,140,BOTH
22.4,119,183,125,BOTH
13.6,204,208,68,WHITE
15.6,123,135,84,OFF
17.1,117,149,79,OFF
0.0,153,137,84,OFF
13.4,177,150,100,OFF
9.9,144,125,102,OFF
7.4,196,128,87,OFF
13.1,171,164,83,OFF
29.8,62,220,103,OFF
20.5,128,76,119,OFF
10.8,127,126,100,OFF
20.0,169,84,158,RED
26.6,44,191,133,OFF
22.8,252,107,50,OFF
15.9,171,74,133,BOTH
10.2,156,154,136,OFF
21.0,197,197,95,OFF
18.5,244,155,54,RED
22.5,185,138,113,RED
20.5,188,145,112,OFF
23.8,155,184,68,WHITE
11.1,144,96,55,WHITE
25.9,131,125,109,OFF
17.0,117,112,103,OFF
32.0,122,85,96,OFF
9.9,96,117,109,OFF
29.3,147,172,69,OFF
17.0,82,151,95,RED
10.2,157,154,134,OFF
11.5,148,135,99,OFF
12.8,156,150,47,OFF
18.8,129,99,94,OFF
19.6,255,118,70,OFF
10.8,204,137,123,OFF
15.2,100,140,125,OFF
32.5,159,142,47,RED
29.2,125,124,142,OFF
18.9,109,115,69,OFF
15.7,96,251,174,OFF
16.4,167,164,111,OFF
20.3,122,146,63,OFF
7.2,189,121,67,OFF
13.3,190,112,126,OFF
2.1,205,125,97,OFF
18.6,116,141,109,OFF
20.6,169,58,176,OFF
11.5,175,69,85,BOTH
28.0,131,105,115,OFF
5.6,119,138,168,RED
3.7,214,121,123,OFF
17.2,159,186,49,OFF
23.8,175,73,132,RED
28.9,117,101,67,RED
11.7,101,188,168,OFF
24.0,127,135,80,OFF
15.1,145,164,230,OFF
14.0,107,208,170,OFF
22.5,149,103,81,WHITE
20.6,82,126,113,OFF
2.8,105,119,142,OFF
27.2,177,55,143,WHITE
26.4,174,118,130,OFF
10.4,134,163,162,OFF
18.6,109,150,108,WHITE
19.3,108,153,98,OFF
17.5,135,115,99,OFF
11.0,176,105,146,OFF
10.0,187,178,127,OFF
15.2,130,111,124,OFF
24.8,103,141,144,OFF
19.7,160,136,32,BOTH
12.4,117,186,125,BOTH
21.6,129,167,121,RED
0.0,203,80,178,OFF
24.6,183,84,52,BOTH
1.5,156,152,174,OFF
12.5,99,127,115,OFF
6.4,158,112,132,OFF
5.0,192,169,179,OFF
24.7,135,137,135,OFF
11.7,204,132,128,RED
18.2,202,160,122,OFF
15.0,216,115,93,OFF
19.2,162,190,111,OFF
16.0,173,99,84,WHITE
5.1,206,155,111,OFF
23.4,168,185,20,OFF
11.4,130,77,129,OFF
3.0,132,117,108,OFF
12.0,159,174,99,BOTH
27.4,98,174,121,OFF
22.2,144,123,56,OFF
12.6,194,101,189,OFF
12.6,62,166,108,WHITE
12.8,211,175,107,OFF
32.0,195,85,74,OFF
18.4,131,83,113,OFF
18.8,172,138,167,OFF
23.6,150,154,153,WHITE
17.3,199,118,146,BOTH
13.3,189,156,134,BOTH
13.8,94,102,98,BOTH
14.8,173,49,55,RED
15.1,141,113,105,OFF
21.2,153,132,103,RED
15.8,120,119,154,OFF
21.2,220,85,125,OFF
14.7,191,60,176,OFF
16.0,120,110,160,BOTH
0.0,96,164,95,OFF
22.7,134,178,42,WHITE
18.2,167,175,167,OFF
23.4,159,98,166,OFF
0.0,200,85,59,OFF
32.1,181,149,172,OFF
14.3,189,154,128,OFF
24.2,163,145,119,OFF
7.1,94,52,176,RED
20.3,142,96,166,OFF
7.0,192,129,138,OFF
10.4,148,148,131,OFF
30.7,170,159,137,OFF
13.9,137,135,97,OFF
17.1,108,142,110,OFF
22.3,145,133,77,OFF
19.4,162,156,99,OFF
16.6,123,142,98,RED
18.3,140,132,87,RED
34.6,112,119,118,OFF
14.9,195,133,100,OFF
17.0,138,148,132,OFF
23.8,208,140,49,OFF
24.2,211,144,108,RED
24.9,146,181,118,OFF
20.5,109,140,100,OFF
6.3,66,105,106,OFF
28.4,91,164,50,BOTH
6.2,95,77,127,RED
17.8,205,88,138,WHITE
9.4,154,143,132,OFF
14.9,165,150,153,OFF
18.0,61,82,120,OFF
18.0,102,115,131,OFF
18.8,185,106,119,OFF
28.3,161,111,140,OFF
19.0,144,166,50,OFF
13.4,172,157,77,RED
23.1,215,129,175,OFF
24.9,141,109,16,OFF
5.6,152,78,107,OFF
20.2,157,184,159,OFF
21.0,246,152,109,OFF
13.0,66,103,97,OFF
26.4,177,157,118,OFF
14.2,145,127,99,OFF
16.4,172,119,114,OFF
14.0,123,146,86,OFF
15.5,148,101,156,OFF
6.6,178,116,169,OFF
3.9,255,134,107,OFF
28.1,182,111,58,RED
8.6,116,155,92,OFF
7.5,133,201,105,OFF
0.0,132,101,132,BOTH
10.3,78,66,73,RED
4.8,136,53,82,BOTH
28.5,179,124,133,OFF
23.5,99,104,150,OFF
9.9,192,138,88,OFF
33.4,169,135,60,OFF
23.2,120,68,242,BOTH
12.8,144,60,143,OFF
0.0,214,141,102,WHITE
33.7,179,135,147,OFF
4.3,150,113,108,OFF
2.2,140,66,147,WHITE
23.6,153,148,119,RED
34.9,129,178,116,BOTH
26.5,65,140,108,RED
19.9,232,97,55,OFF
20.1,156,131,189,OFF
22.2,166,77,75,WHITE
21.5,147,170,59,OFF
17.6,120,133,104,OFF
16.2,142,62,75,OFF
14.9,86,118,110,OFF
9.4,241,147,140,OFF
13.1,100,117,152,RED
1.9,108,119,145,OFF
14.6,132,83,100,OFF
7.5,201,151,114,RED
6.6,150,105,129,OFF
16.8,100,47,43,RED
26.5,200,115,135,OFF
22.7,179,167,55,BOTH
2.8,171,115,193,OFF
7.5,178,196,97,OFF
22.9,246,146,105,WHITE
7.5,237,143,82,RED
13.6,122,125,88,OFF
19.8,215,127,202,BOTH
7.7,165,120,150,OFF
16.2,170,118,51,BOTH
4.7,82,150,172,OFF
10.6,143,94,160,OFF
17.9,117,88,101,OFF
2.7,183,87,125,OFF
18.9,193,208,112,OFF
15.2,66,150,190,OFF
19.8,149,141,81,OFF
17.2,195,89,118,OFF
26.3,142,154,96,OFF
16.4,179,125,56,WHITE
12.0,164,138,199,OFF
16.4,163,92,66,RED
19.7,139,136,121,BOTH
15.8,101,113,44,OFF
15.7,105,100,97,BOTH
9.8,178,158,129,OFF
10.1,150,71,80,OFF
4.2,144,151,136,OFF
29.4,133,156,102,OFF
5.5,137,96,158,WHITE
9.9,192,98,166,OFF
9.7,136,121,89,OFF
22.5,96,141,116,RED
13.0,180,124,120,OFF
25.4,141,146,137,OFF
10.0,151,197,113,OFF
17.6,214,110,120,WHITE
8.7,149,64,103,RED
32.5,161,161,117,OFF
5.9,102,194,164,OFF
17.9,141,145,138,OFF
20.5,174,88,140,OFF
18.7,87,125,141,RED
13.9,158,87,106,OFF
14.4,154,154,125,OFF
15.7,151,78,70,WHITE
14.2,191,118,163,RED
23.1,163,91,3,OFF
33.1,209,135,109,OFF
10.9,110,116,157,OFF
4.4,155,136,59,OFF
14.7,153,131,128,OFF
36.0,107,92,86,OFF
9.0,188,154,98,RED
28.5,243,128,150,BOTH
28.8,149,92,120,OFF
11.0,170,216,32,OFF
19.9,153,148,74,OFF
28.4,121,124,151,WHITE
12.4,77,184,130,WHITE
13.8,121,200,181,OFF
10.7,94,124,179,OFF
7.3,218,143,99,RED
10.2,145,92,211,OFF
5.6,136,124,113,OFF
15.7,185,122,75,OFF
9.2,105,137,88,RED
17.3,119,142,24,OFF
3.0,152,151,176,WHITE
18.0,191,139,175,OFF
22.1,170,83,72,RED
0.0,160,94,104,OFF
18.4,153,109,116,OFF
25.2,166,119,75,RED
5.7,158,170,43,RED
28.8,108,85,104,WHITE
18.7,152,116,100,OFF
9.8,107,166,97,OFF
14.9,153,118,121,OFF
19.9,130,147,169,OFF
16.0,252,124,101,WHITE
19.7,148,140,119,OFF
8.0,93,121,141,OFF
16.7,144,155,134,OFF
4.1,171,70,88,OFF
14.5,217,116,116,WHITE
8.2,126,141,134,OFF
9.5,86,150,68,OFF
25.3,182,187,162,RED
24.1,94,115,169,OFF
20.3,132,186,84,OFF
6.7,139,104,120,OFF
12.9,147,181,138,OFF
25.1,177,161,91,OFF
16.5,122,95,131,OFF
33.9,139,141,119,OFF
18.5,149,128,55,OFF
16.9,156,154,131,OFF
12.9,154,121,69,OFF
16.5,167,118,150,WHITE
14.2,184,182,86,OFF
21.1,165,126,106,WHITE
23.0,168,161,167,OFF
9.1,86,121,132,OFF
4.8,152,194,70,OFF
0.7,169,104,73,BOTH
19.5,179,106,89,OFF
6.6,122,188,128,OFF
0.0,123,113,127,BOTH
18.5,127,191,79,WHITE
35.3,171,164,67,OFF
15.3,191,124,124,BOTH
22.1,133,60,105,OFF
16.0,186,129,198,OFF
14.6,155,134,114,OFF
22.7,145,174,184,OFF
13.1,141,191,66,OFF
17.5,180,103,51,RED
18.0,163,160,68,OFF
10.1,241,159,159,OFF
23.3,116,171,182,WHITE
14.0,170,149,82,OFF
9.4,128,55,94,BOTH
19.7,115,124,66,BOTH
8.2,149,85,41,BOTH
15.6,155,122,141,RED
15.3,255,167,121,OFF
24.1,142,141,113,OFF
19.2,104,174,57,OFF
15.2,161,143,177,OFF
21.9,66,80,93,OFF
26.5,146,33,134,OFF
19.9,150,135,55,BOTH
15.5,182,121,105,WHITE
4.9,189,92,124,OFF
6.9,130,64,125,OFF
13.0,144,101,119,OFF
10.5,119,122,132,WHITE
13.9,104,155,68,OFF
15.8,162,137,120,OFF
19.6,99,191,117,OFF
14.8,133,90,122,OFF
19.3,110,163,115,BOTH
15.9,172,132,62,OFF
0.0,222,156,61,OFF
7.9,97,113,25,WHITE
14.2,75,171,145,WHITE
5.7,145,141,145,WHITE
20.2,150,104,146,OFF
27.6,158,129,125,OFF
25.1,132,120,28,OFF
13.7,142,148,72,OFF
27.3,164,84,119,OFF
16.6,191,129,118,OFF
12.7,71,145,104,OFF
10.5,135,131,127,WHITE
13.0,158,181,113,OFF
12.3,113,159,117,WHITE
16.8,219,129,87,OFF
16.7,124,138,151,OFF
15.4,148,141,96,OFF
18.9,172,145,60,RED
24.9,126,60,82,OFF
23.0,76,118,99,WHITE
3.5,133,73,152,OFF
0.0,191,179,111,WHITE
22.9,136,127,105,OFF
4.5,116,122,63,WHITE
13.6,187,164,143,OFF
6.0,136,146,87,RED
1.0,129,86,109,OFF
19.7,156,127,171,OFF
21.5,181,117,133,WHITE
10.8,245,63,48,OFF
0.0,183,103,43,OFF
11.0,196,123,110,RED
18.5,129,125,65,OFF
3.6,109,73,138,OFF
16.9,152,174,114,OFF
15.3,154,126,119,RED
20.0,106,131,85,OFF
16.3,143,145,181,OFF
7.6,166,99,225,OFF
25.0,164,147,102,WHITE
14.1,170,116,126,WHITE
15.2,161,95,116,RED
7.9,129,152,102,OFF
11.8,129,187,80,OFF
8.3,102,157,70,OFF
14.0,221,165,68,OFF
29.1,150,110,128,BOTH
4.4,141,68,92,RED
2.5,112,187,11,OFF
27.2,255,209,130,OFF
13.7,107,189,111,OFF
10.0,133,117,166,OFF
23.7,166,85,127,RED
10.6,174,89,54,OFF
30.0,188,65,25,OFF
20.8,222,126,84,BOTH
11.5,170,191,88,OFF
32.6,107,124,150,OFF
10.6,139,141,112,OFF
21.3,162,182,157,WHITE
17.8,233,114,60,WHITE
25.8,94,208,151,OFF
27.9,198,206,141,OFF
15.6,157,125,33,OFF
9.4,183,108,165,OFF
19.1,146,156,116,OFF
10.0,116,116,128,OFF
31.5,180,85,78,OFF
16.5,176,179,163,RED
12.5,189,176,66,OFF
16.9,149,136,145,OFF
4.6,126,81,145,OFF
7.6,87,83,74,OFF
25.0,183,134,191,OFF
10.1,167,111,122,OFF
7.0,111,117,138,RED
19.7,128,169,52,RED
24.9,131,158,196,RED
21.1,90,183,64,OFF
23.4,117,92,153,RED
9.3,104,117,73,OFF
4.0,133,159,88,BOTH
27.4,120,147,144,OFF
12.8,84,188,153,OFF
13.4,231,146,62,OFF
26.0,200,201,155,BOTH
19.8,118,150,154,BOTH
19.0,161,170,76,RED
32.7,166,117,176,OFF
10.2,197,130,55,OFF
22.8,117,165,88,BOTH
15.8,194,192,131,OFF
17.5,128,158,79,BOTH
27.6,96,126,123,OFF
19.5,179,183,122,OFF
19.7,201,46,105,RED
24.0,254,75,145,OFF
12.5,102,156,104,BOTH
8.7,178,130,122,OFF
7.0,133,153,158,WHITE
0.0,181,132,144,OFF
31.8,91,152,143,RED
6.6,99,98,67,OFF
13.6,119,152,133,OFF
13.2,153,168,78,OFF
17.8,124,177,62,BOTH
21.9,176,207,110,OFF
22.3,191,139,77,OFF
10.7,174,140,144,WHITE
14.1,215,71,145,OFF
17.7,166,109,38,OFF
13.4,101,122,80,OFF
28.2,204,170,55,WHITE
19.3,125,106,94,OFF
21.3,186,160,130,OFF
20.7,213,130,103,WHITE
24.8,168,123,89,RED
16.8,90,139,164,OFF
5.0,113,115,22,RED
18.6,203,113,161,WHITE
10.2,143,64,91,OFF
11.2,153,120,109,RED
20.1,180,111,92,OFF
25.3,178,110,173,OFF
15.6,161,146,64,OFF
17.9,141,155,113,OFF
29.0,137,139,133,OFF
17.3,184,168,49,RED
36.2,172,152,76,OFF
19.9,139,118,107,OFF
1.3,193,112,78,OFF
21.4,145,142,80,RED
18.4,116,152,99,OFF
25.7,119,183,138,OFF
20.8,110,175,99,OFF
14.3,139,109,155,RED
5.6,199,126,73,OFF
13.7,117,155,63,RED
8.6,157,171,188,OFF
10.8,123,166,87,OFF
20.1,139,127,61,OFF
28.7,89,82,44,BOTH
18.5,141,91,155,OFF
5.8,142,140,99,OFF
18.9,171,143,103,OFF
25.0,159,88,106,OFF
10.5,102,131,152,OFF
14.3,193,154,105,RED
15.5,158,86,205,OFF
9.1,158,172,118,OFF
20.6,149,115,154,OFF
14.4,129,178,144,OFF
18.7,158,109,111,OFF
8.3,169,90,89,OFF
11.9,80,112,126,BOTH
21.2,128,126,133,OFF
12.4,139,115,90,OFF
29.2,160,121,119,OFF
12.2,198,143,161,OFF
17.2,119,123,194,RED
22.8,130,127,146,RED
4.1,129,64,186,OFF
1.3,118,145,88,OFF
3.2,136,126,140,OFF
25.5,181,191,165,OFF
11.0,107,94,77,OFF
35.8,167,60,93,RED
10.9,81,153,181,OFF
16.9,127,143,74,OFF
27.7,136,91,60,OFF
31.4,217,71,173,OFF
31.9,139,189,160,OFF
25.1,61,184,130,OFF
23.6,70,34,111,RED
20.1,151,112,95,OFF
21.6,174,194,124,OFF
11.0,165,111,175,OFF
8.9,156,111,122,BOTH
15.4,196,119,198,BOTH
14.0,128,87,77,WHITE
11.8,186,64,112,RED
21.0,84,170,98,OFF
23.0,113,59,70,RED
16.1,77,139,106,BOTH
27.2,139,164,129,OFF
6.3,148,74,133,OFF
13.8,154,94,198,OFF
9.7,152,176,131,OFF
0.5,113,150,158,OFF
14.7,142,106,115,OFF
14.4,90,176,179,OFF
27.5,204,176,207,BOTH
20.4,138,140,133,OFF
7.2,130,95,73,RED
30.2,213,114,91,OFF
25.2,100,141,124,OFF
20.0,105,122,130,OFF
13.6,106,166,140,OFF
7.7,147,71,131,OFF
12.4,167,72,113,OFF
24.1,179,137,87,OFF
30.5,253,111,128,OFF
27.7,59,106,186,OFF
11.5,174,62,153,OFF
6.4,127,130,134,OFF
16.5,126,128,153,OFF
1.3,125,155,98,OFF
18.0,113,132,92,OFF
14.2,217,125,83,OFF
11.7,183,175,108,OFF
2.6,151,79,96,OFF
19.5,204,150,160,OFF
11.1,89,66,94,OFF
6.0,96,98,81,OFF
0.0,62,83,189,OFF
15.2,122,160,95,WHITE
29.6,156,127,119,RED
28.7,154,129,130,OFF
11.7,156,87,68,WHITE
10.6,93,118,161,OFF
19.1,182,100,138,OFF
7.4,159,144,174,BOTH
17.8,179,92,86,WHITE
21.5,74,181,116,OFF
25.2,162,65,114,OFF
14.6,102,99,123,OFF
13.8,134,194,55,OFF
8.4,171,113,117,OFF
8.8,153,79,56,OFF
13.6,116,138,127,WHITE
18.3,150,111,29,OFF
22.7,88,98,40,RED
9.0,196,88,145,OFF
27.3,141,236,91,OFF
13.2,195,120,74,OFF
15.2,129,56,163,OFF
9.4,129,187,125,OFF
0.0,119,153,147,OFF
22.5,185,100,106,OFF
21.3,121,94,218,OFF
13.1,176,156,89,OFF
15.9,134,120,181,OFF
19.5,70,56,110,OFF
2.9,127,198,47,OFF
11.2,102,113,132,OFF
21.7,151,187,125,WHITE
5.4,102,179,71,OFF
17.7,187,91,76,OFF
4.6,146,169,112,OFF
19.1,143,105,126,OFF
15.1,176,58,15,OFF
2.5,188,113,154,OFF
24.7,149,145,93,RED
9.5,119,112,60,OFF
8.9,79,118,150,OFF
17.0,122,174,112,OFF
24.6,125,134,160,OFF
7.3,154,97,130,OFF
15.9,136,157,112,RED
18.8,177,137,106,RED
20.9,125,33,132,RED
16.8,147,146,96,OFF
12.5,197,145,79,RED
8.8,163,130,137,OFF
16.1,147,164,107,RED
6.8,126,104,114,BOTH
0.0,124,143,155,OFF
18.9,116,70,108,OFF
22.6,128,145,113,OFF
0.0,180,205,89,OFF
7.3,141,92,129,OFF
20.3,96,101,126,BOTH
31.8,221,102,148,OFF
15.6,163,135,90,OFF
9.6,93,89,94,OFF
13.9,132,146,144,RED
26.4,154,162,122,OFF
10.2,218,150,77,OFF
9.0,105,62,164,OFF
11.5,189,168,46,OFF
7.8,206,166,143,OFF
16.4,124,162,63,OFF
28.4,139,144,187,RED
18.0,108,138,52,BOTH
13.4,142,169,158,OFF
13.1,148,203,109,OFF
2.9,176,93,98,WHITE
22.5,193,171,120,OFF
14.8,120,126,137,OFF
14.0,71,125,77,OFF
40.9,149,71,80,OFF
17.8,161,119,138,OFF
9.4,160,91,45,OFF
12.0,137,112,89,BOTH
24.6,155,88,232,OFF
16.3,210,112,74,OFF
3.9,165,114,158,OFF
22.7,135,133,89,RED
10.1,130,68,133,OFF
30.4,143,74,138,OFF
24.0,215,144,157,OFF
11.8,142,99,105,OFF
25.6,149,171,191,OFF
15.9,130,138,89,WHITE
22.2,194,153,122,OFF
19.3,228,184,122,BOTH
8.6,168,118,68,OFF
10.2,153,108,101,OFF
23.6,151,163,119,OFF
12.7,54,149,95,BOTH
12.2,180,122,209,RED
7.8,155,183,79,OFF
18.8,167,122,159,OFF
31.9,121,131,146,OFF
6.9,134,131,112,OFF
15.6,133,94,78,OFF
26.7,191,133,82,RED
14.8,135,183,92,OFF
19.0,233,147,42,OFF
6.9,167,131,73,OFF
18.8,99,123,54,OFF
13.9,145,142,166,OFF
23.3,124,158,137,OFF
24.9,62,153,143,OFF
36.1,214,117,136,WHITE
20.0,178,142,119,OFF
18.0,171,148,170,OFF
16.9,156,91,88,OFF
12.6,94,136,117,OFF
18.1,130,47,142,RED
13.0,183,148,60,OFF
16.7,108,155,235,WHITE
25.9,48,158,114,RED
7.3,141,115,118,RED
24.5,144,142,162,OFF
25.9,155,184,149,OFF
14.4,179,184,114,OFF
0.0,175,129,118,WHITE
10.5,160,135,53,OFF
25.8,198,172,91,OFF
15.2,89,72,133,OFF
7.4,170,117,130,OFF
11.4,175,181,161,RED
22.1,100,167,108,OFF
19.8,89,144,58,OFF
13.5,120,72,154,OFF
12.5,123,128,169,OFF
12.3,180,107,148,OFF
8.0,125,142,106,RED
28.3,115,99,154,OFF
12.8,125,90,248,OFF
25.1,195,50,117,OFF
27.6,150,177,61,BOTH
23.4,143,114,89,WHITE
11.9,145,136,137,WHITE
18.6,202,130,49,OFF
15.2,120,89,119,RED
8.2,202,81,127,RED
18.0,158,91,173,OFF
6.0,143,102,164,OFF
24.9,250,144,147,BOTH
11.7,107,99,27,OFF
17.0,136,197,149,OFF
17.7,100,169,140,OFF
13.3,188,161,123,OFF
20.1,217,125,44,OFF
11.6,217,188,82,OFF
22.4,199,121,67,RED
4.6,142,128,33,RED
16.4,135,136,112,RED
30.9,83,157,81,OFF
7.4,231,154,216,OFF
10.0,169,111,106,OFF
19.5,130,109,163,OFF
16.8,203,154,51,OFF
18.2,111,157,92,RED
19.3,166,115,116,OFF
20.5,143,69,77,OFF
24.3,175,122,96,OFF
18.7,147,154,104,OFF
13.5,92,199,103,BOTH
20.8,153,84,186,BOTH
30.6,192,113,127,OFF
14.3,149,115,131,OFF
7.6,181,182,134,OFF
24.2,108,128,137,RED
14.4,149,95,109,OFF
0.0,125,151,100,OFF
22.2,180,114,119,OFF
11.1,151,83,158,OFF
14.7,177,95,157,OFF
18.0,193,196,103,OFF
16.9,177,144,143,OFF
21.1,161,134,105,OFF
11.9,110,120,114,BOTH
19.5,150,141,94,OFF
13.3,128,140,105,OFF
21.3,136,141,165,WHITE
20.3,135,134,116,WHITE
7.9,110,163,118,OFF
24.1,71,131,55,OFF
11.1,123,92,100,OFF
21.9,157,106,103,OFF
18.3,96,54,80,BOTH
30.1,150,207,113,OFF
13.6,226,163,96,OFF
12.6,191,98,116,OFF
15.2,216,119,117,OFF
13.0,165,105,75,OFF
21.8,197,189,97,OFF
2.5,121,75,116,OFF
7.0,124,134,159,OFF
6.9,40,126,123,OFF
23.0,197,161,86,OFF
29.1,211,126,128,OFF
14.6,128,62,180,OFF
14.0,140,120,149,OFF
16.0,119,92,134,OFF
24.7,165,133,141,RED
8.0,195,185,169,OFF
17.3,80,63,155,WHITE
23.2,166,99,135,RED
19.4,139,108,155,OFF
16.9,154,115,70,OFF
23.4,168,158,53,OFF
0.0,142,123,119,BOTH
20.8,146,146,115,OFF
10.2,141,106,91,OFF
0.8,189,139,145,OFF
19.5,167,160,39,RED
26.4,159,102,91,OFF
14.3,99,160,93,OFF
23.0,135,132,48,OFF
28.3,186,170,171,OFF
25.9,151,122,59,OFF
28.5,176,144,89,OFF
21.3,221,128,148,RED
16.0,191,126,138,RED
2.6,153,140,69,RED
13.4,129,150,139,OFF
8.7,47,82,124,RED
32.7,143,185,204,OFF
14.0,137,58,128,OFF
16.4,165,103,107,BOTH
19.8,144,126,79,RED
15.7,137,146,83,OFF
28.9,78,190,80,WHITE
10.4,112,58,167,BOTH
16.9,169,110,113,OFF
9.5,219,48,135,OFF
4.8,146,131,172,RED
10.5,163,140,20,OFF
15.1,188,191,163,OFF
12.0,117,134,115,RED
9.9,164,170,130,OFF
4.2,120,152,80,OFF
14.7,184,113,83,OFF
3.4,156,76,132,OFF
21.5,162,140,206,BOTH
16.1,118,72,152,OFF
3.7,178,179,162,OFF
12.9,233,123,105,BOTH
9.4,109,176,89,WHITE
17.9,136,111,82,OFF
26.1,159,140,93,WHITE
0.4,181,138,32,OFF
16.3,127,128,84,OFF
14.1,36,113,90,OFF
20.8,204,145,106,OFF
17.1,180,94,118,OFF
9.4,80,83,127,OFF
12.8,125,177,112,OFF
9.0,213,158,90,OFF
24.0,208,132,35,OFF
15.6,187,194,90,OFF
30.6,143,119,74,OFF
14.9,153,180,131,OFF
9.7,144,136,148,OFF
3.3,195,90,149,OFF
1.0,115,201,142,OFF
2.7,117,168,107,OFF
17.5,190,125,92,RED
19.5,148,158,83,BOTH
2.8,205,114,53,RED
22.5,123,162,152,OFF
11.5,148,38,106,OFF
16.6,113,91,63,OFF
28.3,150,167,80,WHITE
22.6,90,120,78,OFF
13.2,130,138,114,OFF
8.3,92,78,155,OFF
0.0,178,201,99,RED
9.6,178,175,24,OFF
13.7,80,122,105,OFF
7.5,203,114,106,WHITE
14.3,250,169,104,OFF
16.0,152,206,88,OFF
13.6,124,166,121,OFF
10.2,255,213,115,OFF
16.7,97,94,112,OFF
18.9,151,98,129,OFF
6.7,157,84,96,OFF
26.7,204,147,93,RED
14.6,164,136,167,OFF
15.5,130,124,135,OFF
21.1,112,161,145,OFF
17.3,136,177,161,RED
23.0,109,71,133,OFF
17.7,152,107,149,OFF
10.5,127,161,50,OFF
18.3,90,112,121,OFF
6.3,200,99,105,OFF
16.3,130,169,179,RED
15.1,99,80,149,OFF
13.7,143,118,88,WHITE
14.4,152,142,127,OFF
0.4,80,108,119,RED
11.0,163,160,130,OFF
16.1,108,108,72,OFF
16.7,218,184,127,OFF
7.2,171,125,104,OFF
25.5,134,155,124,RED
8.5,120,158,84,OFF
23.1,145,106,89,OFF
18.8,174,51,159,OFF
10.2,149,144,71,RED
29.6,141,132,74,OFF
5.9,152,151,110,RED
22.7,125,121,82,RED
23.4,136,113,78,RED
10.0,66,207,117,OFF
26.5,189,73,53,OFF
13.4,162,158,73,OFF
17.7,119,108,193,RED
17.5,226,117,131,RED
14.3,153,118,83,OFF
21.9,108,99,129,RED
21.7,184,152,135,OFF
1.4,166,183,152,OFF
25.8,166,148,107,OFF
2.1,133,134,151,BOTH
23.6,168,92,32,RED
24.4,139,150,71,RED
6.7,172,212,119,WHITE
12.1,73,115,125,OFF
6.6,132,115,77,WHITE
13.7,219,108,123,OFF
12.9,119,111,88,RED
21.6,125,24,102,RED
25.9,132,145,153,OFF
26.5,101,97,148,OFF
10.9,61,68,73,OFF
13.7,140,159,71,BOTH
1.9,155,88,96,OFF
9.0,148,117,111,OFF
23.1,144,186,87,RED
28.3,151,76,154,OFF
5.5,191,71,126,OFF
10.7,142,140,129,OFF
15.2,127,174,63,OFF
17.6,138,69,159,RED
8.9,173,145,1,OFF
18.8,206,152,145,OFF
11.6,125,51,149,OFF
15.3,154,160,95,OFF
19.8,163,163,163,WHITE
15.4,110,118,110,WHITE
11.9,151,178,115,OFF
14.5,91,173,126,OFF
14.7,79,134,238,OFF
12.4,164,112,165,OFF
13.3,134,92,140,OFF
28.2,158,128,77,RED
19.9,149,152,118,OFF
13.0,111,117,80,OFF
21.0,148,45,145,OFF
12.7,100,178,118,OFF
24.8,205,137,68,OFF
18.3,95,115,116,OFF
14.5,142,163,79,OFF
19.0,108,188,118,OFF
2.8,173,22,79,WHITE
6.4,136,146,114,OFF
5.9,129,75,142,WHITE
16.5,184,149,110,OFF
29.2,151,135,97,WHITE
33.2,170,154,121,RED
20.5,110,111,140,OFF
19.4,93,58,69,RED
1.0,154,112,123,OFF
11.1,137,145,164,OFF
9.1,175,169,135,OFF
10.4,147,85,115,OFF
14.0,158,169,138,OFF
11.6,85,105,130,RED
0.0,225,144,142,RED
21.4,143,110,33,OFF
6.8,178,137,51,RED
17.3,116,164,152,OFF
32.0,162,83,53,OFF
8.0,97,104,128,WHITE
0.0,168,137,99,OFF
13.1,135,222,73,OFF
24.2,151,97,126,RED
31.0,178,208,120,OFF
5.6,100,207,196,OFF
19.4,122,126,88,OFF
11.7,168,118,169,OFF
14.5,234,103,126,BOTH
36.5,144,127,86,OFF
3.4,173,76,144,OFF
17.4,145,127,135,OFF
19.1,228,187,114,OFF
24.1,80,106,123,OFF
16.2,154,120,89,OFF
17.9,85,64,80,OFF
12.3,49,144,142,OFF
17.5,162,140,104,OFF
12.6,155,132,109,RED
20.4,138,121,124,WHITE
12.4,145,118,123,WHITE
18.4,255,149,56,OFF
15.2,139,129,163,OFF
24.4,170,142,117,RED
15.0,124,138,105,OFF
1.2,162,173,129,OFF
25.5,140,156,122,RED
8.2,133,137,143,RED
10.2,223,188,134,BOTH
10.6,197,146,141,RED
26.4,155,180,166,OFF
0.0,57,153,147,OFF
40.5,135,59,106,WHITE
23.8,255,180,68,OFF
17.2,140,135,178,WHITE
15.0,194,128,103,OFF
17.7,208,140,94,OFF
19.6,158,116,44,RED
20.5,116,138,126,OFF
19.8,52,107,118,RED
16.1,177,179,53,OFF
13.8,117,125,130,WHITE
14.2,157,115,93,OFF
13.8,100,94,219,OFF
24.5,139,140,90,OFF
20.1,151,137,95,OFF
0.0,160,145,78,RED
20.6,105,90,163,OFF
16.9,198,68,98,OFF
15.2,126,154,84,OFF
12.3,83,187,140,OFF
24.4,145,90,58,OFF
23.0,151,191,137,OFF
9.2,156,141,183,OFF
18.6,204,129,135,WHITE
7.6,140,114,138,OFF
4.4,145,77,147,BOTH
10.4,105,168,180,OFF
22.3,183,100,160,OFF
23.0,157,100,130,OFF
19.5,133,168,148,OFF
21.2,73,57,78,OFF
19.5,208,71,143,RED
10.3,100,129,73,OFF
18.8,126,141,98,RED
21.8,164,148,0,OFF
21.4,102,118,128,OFF
24.9,90,227,87,OFF
21.1,65,121,156,WHITE
18.2,179,121,128,OFF
23.9,128,99,157,WHITE
15.2,255,134,70,OFF
8.3,110,153,153,OFF
14.1,113,176,196,OFF
9.4,127,73,143,RED
10.0,159,120,144,RED
14.2,131,147,119,OFF
9.1,174,152,92,WHITE
12.9,110,130,143,OFF
0.3,94,151,53,WHITE
17.1,78,99,96,RED
15.4,61,189,43,OFF
8.9,129,168,85,RED
20.7,138,78,138,OFF
22.9,124,88,132,OFF
2.5,200,90,115,OFF
9.3,199,156,119,OFF
9.2,136,80,38,OFF
7.9,78,117,98,OFF
22.0,127,147,86,OFF
13.8,126,127,87,OFF
13.3,123,140,136,OFF
0.0,122,89,79,OFF
20.5,123,153,89,RED
5.5,134,106,30,OFF
15.9,124,117,101,RED
17.6,158,139,70,OFF
26.3,164,134,116,OFF
4.9,113,131,75,OFF
0.0,201,101,117,OFF
16.9,110,118,107,OFF
29.8,85,130,178,OFF
25.3,165,77,132,OFF
17.1,117,112,40,OFF
11.5,163,145,63,WHITE
21.8,53,81,115,OFF
7.6,206,174,76,OFF
19.2,177,178,0,OFF
19.4,90,82,166,OFF
23.9,90,182,141,BOTH
37.4,217,124,133,OFF
18.5,120,146,89,OFF
11.3,116,111,129,OFF
15.2,59,165,85,OFF
1.3,136,145,121,OFF
9.8,141,98,76,WHITE
12.1,178,85,172,OFF
11.2,94,74,51,OFF
16.6,89,137,161,OFF
8.8,168,152,114,OFF
24.4,190,155,93,OFF
15.4,87,125,119,OFF
15.3,193,85,141,OFF
12.8,151,104,166,OFF
16.6,193,174,125,OFF
22.0,147,111,77,OFF
8.5,49,135,115,OFF
10.1,144,88,184,OFF
13.0,192,143,166,OFF
4.6,114,112,148,OFF
8.8,134,170,144,WHITE
11.6,143,159,140,RED
22.4,33,111,158,BOTH
17.5,217,125,95,BOTH
16.9,114,109,59,RED
22.2,170,75,115,BOTH
14.3,146,97,80,WHITE
18.5,200,137,71,RED
14.6,166,142,84,OFF
17.5,140,135,210,OFF
10.7,114,118,118,RED
0.0,182,165,127,OFF
14.3,75,132,64,RED
26.8,176,157,40,OFF
22.8,106,62,80,OFF
23.1,200,0,169,OFF
25.3,156,141,126,WHITE
16.1,176,75,136,OFF
17.0,153,122,142,WHITE
10.5,79,118,89,RED
12.9,115,191,167,OFF
20.3,177,145,88,OFF
25.0,156,136,168,OFF
14.3,197,162,130,OFF
11.8,166,144,42,OFF
15.4,111,112,83,OFF
20.2,118,171,42,OFF
3.9,154,87,158,RED
0.0,57,142,112,OFF
11.0,217,70,25,OFF
5.6,167,138,127,OFF
11.3,199,137,91,RED
14.2,86,194,54,WHITE
11.8,200,70,179,OFF
27.0,239,107,117,WHITE
18.0,97,161,101,RED
17.8,181,143,97,RED
20.4,150,137,53,RED
6.3,88,93,61,OFF
23.7,169,107,163,OFF
14.8,183,177,94,OFF
20.8,126,128,113,OFF
6.8,196,144,32,OFF
3.0,83,125,61,WHITE
21.9,90,84,137,OFF
18.4,155,166,127,BOTH
8.2,151,149,182,OFF
8.4,121,218,165,OFF
24.4,182,91,103,OFF
5.9,171,161,131,OFF
28.5,184,79,100,BOTH
8.2,145,136,193,RED
20.5,174,167,158,OFF
12.8,132,50,119,BOTH
20.2,232,122,120,RED
11.0,117,108,169,OFF
14.1,234,103,135,OFF
15.7,151,144,174,OFF
7.4,95,173,26,OFF
21.3,205,125,131,RED
11.3,155,138,92,OFF
13.6,184,134,182,OFF
7.4,199,130,173,OFF
0.0,163,88,114,BOTH
13.9,126,172,173,RED
34.7,189,141,183,OFF
21.7,150,145,115,OFF
15.2,177,99,210,OFF
13.3,63,112,111,RED
15.6,168,123,104,OFF
19.8,124,71,147,RED
6.0,216,65,99,BOTH
24.3,175,107,116,OFF
21.1,159,150,168,OFF
21.1,169,105,113,OFF
18.9,110,91,46,OFF
15.5,215,98,127,OFF
20.8,230,112,85,OFF
20.1,165,116,147,OFF
12.6,213,213,140,OFF
10.8,127,170,170,WHITE
16.2,118,169,148,OFF
27.8,151,175,155,OFF
5.5,167,91,86,RED
3.7,134,83,144,OFF
16.7,171,87,190,OFF
15.8,162,181,85,RED
16.8,110,109,183,OFF
17.3,171,82,91,OFF
13.6,184,113,79,OFF
27.3,157,121,124,OFF
2.6,196,140,141,OFF
8.8,101,139,148,BOTH
14.6,168,98,75,OFF
2.3,103,156,130,OFF
14.0,105,105,85,WHITE
28.7,124,124,54,RED
15.6,112,156,76,OFF
17.2,128,105,83,OFF
5.3,141,108,133,OFF
10.5,183,152,158,BOTH
12.4,137,97,54,OFF
12.9,86,115,126,WHITE
25.6,195,151,66,OFF
19.8,116,209,137,WHITE
6.5,147,153,88,OFF
17.4,168,148,71,BOTH
19.4,158,150,144,WHITE
24.5,194,89,89,OFF
28.0,169,134,100,RED
7.3,115,129,25,RED
8.9,237,142,150,WHITE
5.3,158,134,145,OFF
13.5,144,144,113,OFF
19.1,188,118,52,WHITE
23.3,160,132,160,RED
14.8,166,83,86,OFF
12.8,250,117,95,RED
16.6,139,183,204,OFF
8.7,137,142,85,RED
32.1,154,129,142,OFF
2.5,193,202,135,OFF
16.9,89,77,128,OFF
31.6,71,87,124,OFF
15.4,126,195,127,OFF
13.9,84,131,123,OFF
12.5,133,120,110,OFF
14.0,170,84,172,OFF
26.4,114,147,61,RED
0.0,92,151,153,OFF
27.6,152,88,145,OFF
4.0,184,124,140,OFF
13.3,82,117,157,WHITE
12.0,183,140,109,OFF
20.1,182,87,39,OFF
2.6,188,178,110,RED
19.1,199,165,73,BOTH
31.6,238,116,84,OFF
4.5,135,121,64,BOTH
16.9,154,124,94,OFF
10.1,133,100,89,OFF
18.8,150,113,19,OFF
15.5,211,119,140,OFF
10.3,96,192,200,OFF
19.3,115,166,136,OFF
29.8,205,166,105,OFF
13.9,191,144,110,OFF
21.1,135,87,96,OFF
5.1,184,128,116,OFF
7.7,163,167,111,OFF
19.2,210,81,79,BOTH
27.3,153,154,179,OFF
18.2,191,219,54,OFF
12.9,255,170,141,OFF
15.4,174,184,109,OFF
5.4,152,138,187,OFF
20.2,179,167,126,OFF
22.4,135,102,98,RED
11.8,245,160,103,OFF
11.6,157,155,114,OFF
17.5,139,141,67,OFF
11.9,116,180,82,RED
14.9,194,109,42,RED
32.2,184,123,76,OFF
13.4,130,133,116,OFF
12.5,173,90,124,BOTH
10.2,89,138,34,OFF
21.3,157,64,107,OFF
13.9,168,170,135,OFF
10.2,218,131,106,OFF
26.0,119,110,88,BOTH
26.7,98,98,96,BOTH
10.6,114,121,91,RED
0.5,96,156,87,OFF
23.4,203,151,119,OFF
9.9,212,103,203,OFF
21.7,163,97,83,BOTH
0.0,199,155,100,OFF
22.5,155,102,110,OFF
5.7,146,132,85,OFF
21.2,136,134,156,OFF
15.5,137,142,19,BOTH
7.8,88,163,92,OFF
12.1,160,81,145,OFF
20.9,148,56,101,OFF
16.2,180,108,80,OFF
20.1,153,199,130,WHITE
31.2,143,207,148,BOTH
2.9,115,200,121,BOTH
28.3,153,122,81,RED
16.2,179,61,130,OFF
8.2,104,40,97,OFF
4.8,153,106,142,OFF
13.9,159,122,171,OFF
22.8,121,180,10,OFF
14.4,126,163,117,OFF
27.5,159,138,44,OFF
3.8,104,96,209,OFF
15.3,164,93,94,RED
5.4,114,139,142,WHITE
18.3,192,156,111,OFF
22.5,243,145,81,OFF
12.0,115,90,76,WHITE
0.0,171,155,175,OFF
17.0,121,146,150,OFF
18.9,191,89,189,OFF
18.6,99,100,115,OFF
25.3,169,156,124,OFF
6.8,115,121,102,WHITE
20.8,141,191,101,OFF
24.9,108,149,71,OFF
1.2,183,111,116,OFF
17.9,116,129,81,OFF
11.4,172,132,130,OFF
14.7,136,102,119,OFF
18.2,145,95,124,OFF
11.5,156,157,179,OFF
10.0,119,162,111,OFF
15.7,158,153,142,OFF
6.7,211,188,193,OFF
6.7,118,109,164,OFF
20.8,197,194,158,OFF
6.2,210,95,100,OFF
20.7,117,91,122,BOTH
19.1,91,62,61,BOTH
1.6,162,113,132,OFF
10.0,128,110,123,RED
24.9,225,150,113,OFF
7.6,151,139,153,OFF
11.7,118,84,65,OFF
19.1,104,115,177,OFF
21.7,193,115,148,OFF
13.4,127,62,110,OFF
10.6,151,92,107,RED
26.8,188,100,131,OFF
29.3,130,185,172,OFF
23.2,148,137,117,OFF
16.1,149,155,118,OFF
8.9,177,72,113,BOTH
8.8,173,176,183,RED
19.6,141,180,98,BOTH
18.7,152,53,111,OFF
26.6,135,103,170,OFF
20.6,90,149,118,OFF
3.4,160,154,157,OFF
23.8,226,104,77,OFF
7.4,114,118,104,RED
12.3,119,107,171,OFF
17.4,115,134,86,OFF
31.3,179,176,107,RED
40.2,168,100,123,RED
20.2,143,168,74,OFF
13.9,113,100,96,OFF
19.7,153,97,117,OFF
22.5,87,161,114,OFF
12.8,155,165,163,OFF
29.7,185,162,173,OFF
17.2,100,79,79,OFF
19.4,88,112,117,OFF
20.7,213,161,139,RED
18.8,125,131,172,WHITE
22.1,195,88,141,OFF
10.5,144,147,124,RED
10.9,143,102,139,OFF
6.6,167,199,139,OFF
18.9,114,189,76,OFF
21.6,155,153,120,OFF
19.1,134,182,170,OFF
28.8,97,132,104,WHITE
15.3,163,159,118,OFF
20.7,139,186,103,BOTH
6.7,143,139,21,OFF
12.3,101,120,113,OFF
21.0,214,64,124,OFF
22.2,185,126,92,OFF
13.0,188,161,67,OFF
14.8,137,166,78,OFF
3.3,80,149,143,OFF
12.5,228,109,190,OFF
22.5,147,54,167,OFF
20.0,120,111,60,OFF
19.4,166,118,146,OFF
15.8,197,118,86,RED
15.4,149,153,90,BOTH
10.1,201,206,94,OFF
21.0,193,134,140,OFF
18.8,107,121,150,OFF
19.3,123,120,109,WHITE
11.2,188,134,109,OFF
0.0,41,98,131,OFF
24.2,144,134,135,OFF
11.6,92,147,159,OFF
8.5,131,138,62,OFF
20.9,138,147,113,WHITE
12.3,135,146,70,OFF
23.9,128,62,110,BOTH
20.3,106,154,104,OFF
20.9,242,104,111,BOTH
4.5,225,88,81,RED
25.1,103,87,54,OFF
17.5,213,146,30,RED
12.4,134,121,107,OFF
16.5,155,65,96,OFF
1.2,147,148,86,OFF
18.7,123,74,165,OFF
7.2,189,135,79,OFF
4.6,155,139,168,OFF
3.2,131,164,177,WHITE
24.3,97,198,36,OFF
10.4,114,77,116,OFF
27.7,84,128,97,OFF
11.1,150,119,0,OFF
1.7,102,146,56,OFF
6.5,139,138,143,OFF
25.3,205,116,192,RED
14.1,198,113,148,OFF
11.0,148,87,125,OFF
16.7,146,168,112,RED
19.4,225,147,179,OFF
24.3,171,165,197,OFF
27.0,137,118,89,OFF
12.5,93,104,34,RED
4.8,166,88,30,WHITE
12.1,183,143,165,RED
17.5,124,90,111,OFF
7.7,161,201,120,OFF
7.7,135,80,42,RED
18.1,142,140,83,OFF
15.0,50,190,101,OFF
15.7,141,153,121,RED
9.3,189,136,97,OFF
13.6,124,93,72,OFF
8.0,152,77,82,WHITE
22.5,119,159,160,OFF
23.7,164,187,122,OFF
0.6,141,113,137,RED
8.0,112,86,77,WHITE
3.4,203,35,0,OFF
10.2,187,92,92,OFF
14.7,125,125,78,RED
3.8,170,191,126,OFF
8.0,171,156,242,OFF
7.4,175,141,140,OFF
17.0,82,114,220,RED
15.9,190,107,135,RED
9.6,127,184,88,OFF
16.8,135,137,126,RED
11.0,255,49,183,RED
13.2,162,104,185,OFF
28.8,134,97,90,OFF
26.1,61,109,122,OFF
5.0,205,151,56,WHITE
22.0,96,126,145,OFF
21.9,109,127,174,OFF
6.2,136,180,114,OFF
21.9,207,103,86,OFF
27.7,181,201,127,RED
6.4,143,104,129,OFF
8.1,162,133,116,WHITE
23.5,126,119,120,OFF
17.6,155,134,106,OFF
19.8,153,147,152,WHITE
18.1,189,146,142,OFF
18.5,189,101,74,OFF
4.8,170,87,73,BOTH
23.8,135,226,102,OFF
24.7,179,111,142,OFF
13.6,146,157,118,OFF
15.0,106,68,87,OFF
3.2,134,119,123,RED
19.5,153,125,99,BOTH
20.0,186,148,147,OFF
14.9,142,25,126,RED
24.4,101,136,100,WHITE
12.7,152,86,122,OFF
19.9,154,142,164,OFF
7.2,157,90,90,OFF
15.2,187,97,128,BOTH
14.0,191,119,110,BOTH
17.2,126,89,129,OFF
12.4,125,111,87,WHITE
14.3,108,84,117,OFF
22.0,178,59,156,OFF
11.9,208,169,76,BOTH
2.6,137,80,60,OFF
29.4,140,123,62,OFF
26.4,209,159,66,OFF
5.1,170,106,136,OFF
20.9,167,98,57,OFF
11.4,102,138,101,OFF
17.5,177,173,137,WHITE
17.7,112,85,129,WHITE
13.5,104,124,97,OFF
9.1,136,63,120,OFF
9.9,126,115,117,OFF
8.1,141,131,104,OFF
8.7,92,97,104,OFF
14.9,188,112,201,OFF
9.7,195,76,144,OFF
20.8,72,133,210,OFF
27.3,189,170,93,OFF
10.8,117,88,109,OFF
17.3,184,106,60,RED
19.4,147,149,81,RED
19.2,151,176,187,OFF
16.0,142,72,92,RED
21.3,198,123,188,OFF
19.2,100,141,64,OFF
5.5,174,126,71,RED
22.3,194,35,99,OFF
22.5,178,149,110,OFF
9.3,243,188,149,OFF
15.7,128,134,130,WHITE
20.9,188,90,96,OFF
13.7,145,110,107,RED
24.0,199,198,100,BOTH
34.3,149,165,76,OFF
9.1,134,154,78,OFF
4.4,202,143,153,OFF
17.8,130,104,40,OFF
21.2,93,122,176,OFF
13.5,129,127,99,RED
27.0,175,151,82,OFF
4.7,206,188,142,BOTH
20.9,154,173,171,OFF
10.6,203,75,157,RED
29.1,95,138,132,OFF
31.3,132,158,155,OFF
9.3,138,153,45,RED
11.0,145,106,92,OFF
22.3,153,242,77,OFF
12.3,177,81,161,OFF
15.0,132,88,97,OFF
15.6,155,139,146,RED
0.1,148,211,134,BOTH
15.3,113,98,79,OFF
9.9,145,119,89,OFF
11.5,144,171,163,OFF
26.9,143,129,82,BOTH
5.4,151,117,117,BOTH
21.9,153,151,82,OFF
13.2,132,140,100,OFF
13.2,201,169,111,OFF
21.7,103,179,82,OFF
18.1,121,141,75,OFF
20.0,255,141,124,RED
23.1,108,138,79,OFF
12.7,95,148,81,RED
10.5,179,132,75,OFF
6.7,66,130,109,RED
8.8,140,176,150,OFF
39.0,236,188,172,OFF
25.3,88,72,84,OFF
4.6,70,130,197,WHITE
4.8,90,103,73,OFF
19.2,186,118,155,RED
19.8,195,145,84,OFF
19.8,129,155,78,OFF
13.4,177,125,83,WHITE
14.4,205,56,110,OFF
18.0,221,93,135,OFF
16.1,140,164,139,OFF
0.0,57,25,75,WHITE
13.6,117,175,74,OFF
8.6,133,150,76,OFF
16.8,139,180,108,OFF
39.3,142,122,104,OFF
18.3,195,51,75,OFF
12.9,201,146,123,OFF
22.8,143,179,202,RED
19.3,194,165,93,OFF
18.8,164,104,95,RED
20.2,152,133,135,RED
31.8,186,109,90,WHITE
6.4,153,98,139,OFF
19.2,232,166,84,OFF
8.0,92,84,185,WHITE
19.8,129,95,126,OFF
8.1,145,87,88,OFF
12.1,167,73,89,WHITE
13.0,201,135,92,OFF
23.2,149,174,167,OFF
22.7,93,123,63,OFF
5.4,184,72,86,RED
15.8,180,162,90,OFF
9.7,72,194,112,WHITE
5.3,150,105,102,OFF
13.7,86,111,54,OFF
12.9,123,149,97,OFF
34.8,113,192,109,OFF
18.9,182,110,88,OFF
4.4,154,79,140,OFF
10.9,98,154,149,WHITE
23.6,185,160,109,OFF
32.1,92,130,122,OFF
2.7,163,108,27,OFF
0.4,117,168,96,RED
30.3,135,150,152,OFF
18.5,170,100,96,OFF
8.5,171,132,83,WHITE
19.7,203,78,202,OFF
0.0,146,156,184,OFF
15.4,162,120,131,OFF
18.0,132,113,157,RED
22.8,157,128,25,OFF
7.3,167,131,81,OFF
16.1,146,164,94,RED
8.0,77,152,103,OFF
17.4,163,124,93,RED
8.2,164,159,12,OFF
12.1,122,145,128,OFF
7.4,98,113,134,OFF
20.6,209,125,176,OFF
22.3,169,124,81,OFF
13.5,141,149,78,OFF
15.7,104,116,7,OFF
3.8,117,115,101,WHITE
13.0,202,205,148,OFF
15.0,155,166,88,RED
36.3,128,101,197,WHITE
6.5,170,152,102,BOTH
27.1,117,134,118,WHITE
23.4,210,145,59,OFF
17.6,204,135,124,BOTH
29.4,131,175,34,RED
18.4,124,143,140,RED
18.5,45,127,141,OFF
15.0,90,170,166,BOTH
25.2,96,139,72,RED
24.2,155,134,119,RED
10.4,137,142,135,OFF
4.8,96,126,130,OFF
13.8,138,130,78,BOTH
9.0,170,107,18,OFF
14.9,171,101,126,OFF
25.3,74,91,106,RED
11.7,145,76,90,OFF
15.1,94,96,143,OFF
15.9,186,123,111,OFF
22.2,181,134,61,OFF
0.0,114,119,36,OFF
10.5,119,39,68,OFF
17.1,131,190,207,OFF
25.0,59,171,141,OFF
11.5,163,147,120,WHITE
0.4,139,203,105,OFF
20.3,189,92,103,OFF
10.3,106,202,159,OFF
5.9,125,93,93,RED
10.4,89,139,135,BOTH
13.9,109,81,99,OFF
10.6,102,130,189,OFF
0.0,190,145,142,OFF
22.6,122,124,162,RED
25.6,155,157,89,OFF
20.6,134,133,154,OFF
6.3,99,110,100,RED
13.8,143,108,117,BOTH
15.3,174,161,177,OFF
20.2,101,105,71,BOTH
20.7,182,165,121,OFF
9.5,116,177,130,RED
16.0,130,66,133,OFF
19.0,171,173,95,OFF
27.0,123,209,195,OFF
21.0,151,139,61,OFF
21.7,137,153,170,OFF
16.1,155,169,160,OFF
26.7,54,119,187,OFF
18.7,76,137,50,OFF
8.5,174,79,78,WHITE
26.6,191,135,171,OFF
21.0,113,149,39,OFF
11.9,140,149,49,OFF
11.6,162,171,93,OFF
17.8,178,100,120,OFF
19.1,68,109,175,OFF
17.0,114,202,105,OFF
17.9,136,124,89,OFF
29.0,178,137,125,RED
24.0,250,127,131,OFF
16.9,141,98,130,OFF
22.9,93,192,105,OFF
7.1,166,109,35,WHITE
18.6,203,86,76,OFF
29.9,154,112,168,WHITE
13.6,113,53,120,OFF
8.6,188,105,100,OFF
10.2,176,93,157,RED
6.7,109,153,68,WHITE
9.1,165,104,104,OFF
12.4,190,164,118,OFF
4.2,197,183,95,OFF
15.5,147,160,116,WHITE
22.6,135,121,105,OFF
8.1,199,135,57,OFF
27.5,101,71,120,OFF
19.5,167,125,60,OFF
23.6,95,97,119,OFF
10.1,192,156,167,OFF
22.2,139,228,101,OFF
6.7,201,149,66,OFF
22.5,169,53,108,OFF
16.8,101,116,80,OFF
19.8,207,134,136,OFF
6.0,212,133,107,OFF
8.2,185,102,180,OFF
20.2,119,139,158,OFF
7.8,137,82,106,RED
19.1,156,93,141,OFF
4.5,121,154,97,OFF
22.2,218,91,114,OFF
5.5,155,150,98,OFF
19.8,41,77,143,OFF
20.4,163,197,169,OFF
9.8,136,100,144,OFF
20.0,147,121,149,OFF
17.5,135,142,149,OFF
11.1,182,108,134,RED
7.3,195,135,68,WHITE
0.0,161,152,180,BOTH
18.2,136,167,184,OFF
2.9,148,160,103,RED
16.2,150,123,98,RED
13.3,118,124,137,BOTH
20.8,173,220,134,OFF
13.0,168,166,105,RED
12.8,211,94,63,OFF
21.2,200,134,125,OFF
18.1,122,117,134,OFF
17.9,183,124,141,RED
19.1,112,83,126,WHITE
3.1,178,114,102,OFF
21.4,129,199,152,OFF
20.3,109,152,115,OFF
7.3,161,34,94,OFF
13.4,42,176,105,OFF
15.1,79,171,44,OFF
14.3,143,116,105,WHITE
18.1,153,157,140,OFF
26.8,135,97,126,OFF
24.0,86,112,172,WHITE
4.9,117,187,102,WHITE
20.4,165,119,132,RED
26.0,173,58,144,OFF
18.5,149,127,205,RED
24.1,196,127,118,OFF
31.5,166,176,71,WHITE
23.6,120,130,146,OFF
17.4,138,114,186,RED
23.7,93,170,100,OFF
16.6,145,134,146,OFF
15.6,194,101,161,RED
12.6,177,174,153,WHITE
27.9,206,137,117,OFF
8.9,138,130,85,WHITE
27.6,204,137,109,OFF
19.4,142,89,131,OFF
4.2,209,109,148,OFF
18.3,149,130,126,OFF
0.0,178,122,98,OFF
20.4,209,179,134,RED
22.5,142,138,146,OFF
10.7,158,162,127,OFF
16.4,201,130,80,RED
31.0,144,170,105,RED
11.4,97,145,150,OFF
6.9,236,130,58,OFF
27.2,131,129,30,OFF
31.1,156,93,172,OFF
15.4,196,149,133,OFF
23.5,125,128,136,OFF
26.1,109,110,70,RED
9.5,160,172,142,OFF
11.5,78,82,123,OFF
25.2,138,113,50,WHITE
28.9,160,169,169,OFF
19.9,139,142,119,OFF
8.4,88,128,97,WHITE
31.3,214,139,98,WHITE
11.1,154,137,33,OFF
12.7,207,71,136,OFF
18.1,139,116,123,BOTH
27.8,114,192,105,OFF
22.2,161,104,163,OFF
18.7,141,117,58,OFF
19.1,102,109,89,OFF
15.7,209,126,79,WHITE
19.9,125,107,102,OFF
0.0,76,148,115,RED
13.0,203,137,129,RED
17.3,129,159,99,RED
6.2,125,89,78,RED
18.5,79,117,179,RED
13.8,220,121,208,OFF
29.4,98,147,118,OFF
28.0,152,99,83,RED
11.7,186,165,171,OFF
14.2,167,175,55,OFF
14.8,147,92,99,OFF
11.8,81,111,85,OFF
17.0,117,109,67,RED
9.3,157,231,101,OFF
6.4,118,113,78,OFF
20.4,158,194,113,RED
20.4,177,81,114,OFF
9.0,188,92,88,RED
22.5,101,103,98,OFF
10.3,238,97,103,RED
17.4,180,119,144,OFF
21.9,150,102,107,OFF
15.1,193,98,145,RED
19.0,245,174,136,OFF
11.3,92,177,135,BOTH
13.8,141,166,167,OFF
13.7,54,150,68,OFF
9.4,157,133,94,OFF
14.0,164,111,182,OFF
3.0,148,93,102,OFF
11.5,123,144,2,BOTH
13.1,68,85,105,OFF
13.3,165,92,118,RED
13.5,208,174,9,OFF
14.9,126,203,165,OFF
19.2,167,145,84,OFF
22.4,87,172,125,OFF
10.2,168,120,104,BOTH
5.8,134,78,62,OFF
7.1,119,153,70,OFF
11.5,119,152,76,OFF
12.6,134,132,155,OFF
9.2,165,120,107,OFF
5.0,97,167,92,OFF
11.7,134,92,76,OFF
16.8,148,100,160,WHITE
20.1,106,91,170,RED
10.9,222,133,159,OFF
12.1,115,88,132,OFF
8.0,123,103,124,RED
15.1,110,103,65,BOTH
8.6,222,120,103,BOTH
20.0,172,73,86,WHITE
1.1,112,133,41,OFF
12.5,194,178,154,WHITE
17.8,158,135,85,WHITE
16.9,160,189,160,OFF
36.9,136,181,147,OFF
18.2,120,160,134,OFF
7.4,163,133,137,OFF
14.6,128,131,88,OFF
1.2,223,159,186,OFF
14.7,99,115,114,OFF
8.7,211,57,124,OFF
22.7,145,149,87,OFF
11.0,162,86,76,RED
14.5,183,93,131,OFF
10.3,124,130,121,WHITE
29.3,184,126,81,WHITE
12.8,41,76,56,WHITE
30.0,121,136,62,RED
21.9,113,167,160,OFF
19.2,99,86,88,OFF
18.3,141,179,99,OFF
18.5,165,70,170,BOTH
0.0,178,211,68,OFF
13.2,159,114,84,OFF
22.1,123,135,82,RED
15.0,165,57,176,WHITE
4.2,155,127,191,RED
15.0,187,138,142,OFF
29.0,181,126,143,OFF
25.4,151,108,90,OFF
14.9,114,93,189,OFF
23.0,124,173,123,WHITE
12.5,128,131,146,OFF
1.8,137,189,108,OFF
8.0,160,109,102,WHITE
27.9,178,113,178,OFF
13.2,148,161,134,WHITE
13.4,150,67,170,RED
13.0,155,83,123,RED
30.6,129,172,79,OFF
28.4,113,85,90,OFF
33.1,79,60,117,WHITE
14.1,122,201,88,WHITE
17.8,169,76,69,OFF
3.3,122,137,160,OFF
27.2,140,132,91,OFF
6.1,168,22,118,BOTH
17.1,171,119,124,OFF
6.6,106,147,89,OFF
10.7,190,143,170,OFF
8.7,195,164,68,OFF
10.5,104,115,123,WHITE
11.1,117,157,122,OFF
11.0,197,103,110,OFF
22.1,144,76,61,OFF
6.6,61,80,147,OFF
17.2,94,74,142,OFF
25.1,140,168,86,OFF
11.3,103,72,140,OFF
9.7,133,140,127,WHITE
13.6,151,119,62,OFF
24.8,208,126,79,BOTH
16.9,138,182,157,OFF
11.1,193,113,125,OFF
19.3,207,153,90,OFF
6.6,207,131,79,OFF
20.8,161,124,92,OFF
18.7,71,218,95,OFF
12.9,168,74,79,OFF
8.7,192,179,44,OFF
8.3,146,155,157,OFF
19.7,220,111,151,OFF
25.2,184,192,62,OFF
10.3,173,59,118,RED
19.1,193,110,77,OFF
0.0,163,83,102,WHITE
10.7,50,145,99,OFF
15.1,130,87,96,BOTH
8.1,198,146,191,OFF
7.9,117,123,95,BOTH
10.1,141,111,81,OFF
17.7,108,145,82,OFF
13.9,221,119,154,OFF
0.0,217,88,47,OFF
0.0,114,237,82,WHITE
10.5,156,111,170,OFF
19.1,122,45,122,OFF
0.0,174,97,120,OFF
11.4,170,81,197,OFF
11.2,182,161,122,OFF
26.5,163,142,85,OFF
12.3,255,145,101,OFF
18.5,108,115,68,OFF
16.5,81,119,162,OFF
0.0,134,115,135,OFF
21.5,87,127,157,OFF
17.1,90,162,160,OFF
19.5,110,143,96,OFF
46.8,113,149,75,WHITE
0.0,111,149,110,RED
29.2,170,164,78,BOTH
13.1,129,141,119,OFF
17.7,143,143,157,WHITE
15.0,186,175,106,OFF
12.0,119,104,118,OFF
10.8,139,97,109,OFF
18.0,164,84,144,RED
3.3,72,137,86,WHITE
21.4,54,59,26,OFF
12.1,164,147,131,OFF
6.4,169,125,151,OFF
11.8,233,173,130,BOTH
25.4,156,104,87,RED
11.1,183,122,68,OFF
18.3,142,173,132,OFF
9.6,162,183,118,OFF
21.5,217,104,108,RED
20.9,65,137,184,RED
30.2,166,141,75,OFF
14.0,235,144,182,OFF
20.7,161,120,114,WHITE
16.2,216,179,40,OFF
25.7,124,57,105,BOTH
9.6,148,114,150,OFF
21.3,151,147,98,RED
13.8,61,147,54,RED
14.9,103,182,106,OFF
16.1,106,176,79,BOTH
17.4,183,119,132,OFF
14.5,185,180,143,RED
17.1,163,102,71,BOTH
28.0,183,165,85,OFF
23.3,143,199,142,OFF
22.3,198,176,79,OFF
11.8,150,134,70,RED
8.3,152,117,66,WHITE
23.0,139,71,126,OFF
22.4,177,142,125,RED
27.2,133,87,86,OFF
10.6,189,99,113,OFF
13.6,104,84,173,OFF
2.3,106,112,74,OFF
12.3,177,129,36,OFF
23.4,146,140,130,OFF
11.7,132,107,108,OFF
20.5,185,171,85,RED
13.9,125,122,138,OFF
18.0,142,99,146,OFF
6.2,206,138,25,OFF
16.1,211,205,87,BOTH
0.0,213,143,204,RED
13.9,138,116,135,RED
2.4,199,71,139,WHITE
25.0,112,121,159,OFF
21.6,113,139,113,OFF
19.1,55,115,144,WHITE
27.5,217,66,141,RED
7.8,115,97,134,OFF
29.4,145,185,100,OFF
22.8,113,185,119,WHITE
13.5,178,96,89,BOTH
24.5,135,156,113,BOTH
6.6,97,84,66,OFF
8.8,167,184,81,OFF
10.5,92,139,101,OFF
11.2,116,166,75,OFF
6.9,65,64,93,WHITE
25.2,93,156,106,OFF
13.3,157,129,128,OFF
18.2,71,162,150,OFF
10.8,90,165,94,RED
0.8,150,132,165,OFF
17.6,128,107,149,OFF
0.1,230,160,132,OFF
14.8,223,127,119,OFF
4.5,115,96,125,BOTH
31.3,172,94,159,RED
22.7,180,73,161,OFF
16.2,126,110,165,WHITE
25.5,90,172,114,OFF
8.6,149,137,134,RED
19.7,143,109,165,OFF
17.0,132,161,88,RED
17.5,167,98,100,OFF
25.6,120,133,113,OFF
21.2,103,123,148,OFF
17.7,154,160,149,OFF
2.2,165,69,103,RED
7.7,103,97,53,OFF
14.4,187,67,122,OFF
16.1,79,120,76,RED
6.4,127,176,54,OFF
34.7,139,110,63,RED
27.5,124,110,125,OFF
20.2,127,163,166,OFF
16.0,225,171,114,BOTH
13.7,116,126,121,OFF
7.8,248,156,159,OFF
16.0,167,88,52,RED
17.5,153,183,133,OFF
5.5,169,212,112,OFF
18.1,251,150,135,WHITE
14.2,110,50,93,OFF
0.1,105,108,80,WHITE
8.5,119,153,118,OFF
12.1,151,114,178,OFF
30.5,80,179,146,RED
19.8,151,152,92,RED
4.7,218,103,60,WHITE
19.3,156,131,46,BOTH
3.0,138,95,164,OFF
24.0,125,123,75,OFF
11.6,186,108,100,OFF
14.6,117,175,165,OFF
26.0,224,211,49,OFF
5.1,227,75,171,RED
4.2,160,56,103,OFF
10.7,149,120,67,RED
23.7,191,71,103,RED
3.2,194,131,84,OFF
0.0,117,158,130,OFF
11.8,129,187,87,OFF
19.8,97,137,37,OFF
25.0,166,122,104,RED
11.7,176,54,59,OFF
12.1,96,131,121,WHITE
24.6,131,132,66,OFF
0.4,96,154,93,OFF
12.3,114,103,120,RED
16.9,172,113,104,OFF
19.0,120,73,122,OFF
11.3,138,42,139,OFF
15.7,84,87,67,OFF
0.0,157,69,110,OFF
10.1,148,143,0,BOTH
19.0,120,110,122,OFF
7.5,142,109,101,OFF
15.9,157,92,74,OFF
19.0,117,6,125,OFF
12.7,90,188,159,OFF
16.8,222,91,94,OFF
7.7,124,114,75,OFF
13.7,146,74,119,OFF
20.3,190,167,60,OFF
16.6,255,135,86,RED
10.7,100,98,161,OFF
17.2,168,115,115,RED
21.1,121,194,38,OFF
0.0,128,127,42,OFF
24.7,121,123,119,OFF
12.7,105,94,146,OFF
18.8,148,57,49,OFF
25.0,91,124,130,BOTH
4.4,188,142,165,OFF
9.7,152,172,187,BOTH
13.1,167,43,126,OFF
9.1,131,87,132,OFF
29.3,135,107,28,OFF
8.5,161,130,195,OFF
11.0,103,124,90,WHITE
17.0,135,125,76,RED
5.8,115,145,102,RED
12.2,114,95,172,OFF
17.9,65,166,200,OFF
12.7,203,146,117,BOTH
14.6,122,117,152,OFF
11.2,196,191,114,RED
3.3,193,189,72,OFF
18.0,98,165,171,BOTH
29.4,106,14,88,RED
15.5,252,190,173,BOTH
17.2,220,160,164,OFF
20.9,148,207,137,OFF
5.2,160,177,185,OFF
29.0,124,190,200,OFF
17.0,167,163,106,RED
28.4,121,181,81,OFF
9.5,68,206,39,OFF
29.9,97,138,201,OFF
21.6,151,69,95,WHITE
19.8,104,118,157,OFF
17.3,147,145,83,OFF
13.4,107,133,173,OFF
25.0,118,82,85,OFF
16.5,184,67,66,BOTH
0.0,160,101,104,OFF
6.5,149,161,92,OFF
13.9,185,190,136,OFF
17.9,169,165,110,OFF
14.9,208,170,137,OFF
25.1,131,127,101,OFF
0.0,132,63,86,OFF
16.5,98,112,90,OFF
0.9,133,120,193,RED
21.5,188,111,121,RED
14.6,202,132,34,BOTH
18.7,188,147,92,WHITE
8.5,78,162,116,OFF
25.6,193,119,185,OFF
23.7,76,57,153,RED
20.1,186,111,76,OFF
14.4,135,131,208,OFF
20.0,178,177,111,OFF
9.7,96,108,162,OFF
22.2,197,149,67,OFF
28.6,91,141,18,OFF
23.9,123,131,57,OFF
9.6,110,165,0,RED
18.3,79,104,196,OFF
5.1,153,108,121,BOTH
20.0,222,129,76,OFF
19.0,255,105,130,OFF
0.4,154,149,120,OFF
6.1,194,102,137,OFF
13.1,159,138,160,OFF
13.0,170,126,101,OFF
5.7,136,138,78,RED
18.5,158,112,145,RED
17.4,171,117,144,OFF
13.8,127,133,116,OFF
9.4,147,137,198,OFF
23.8,147,130,95,OFF
28.6,183,195,77,OFF
11.5,107,92,129,BOTH
10.5,148,127,86,OFF
19.3,226,69,132,RED
12.5,196,144,80,OFF
14.3,204,87,97,RED
21.3,151,119,187,OFF
0.1,163,115,97,RED
25.9,190,140,81,WHITE
16.0,212,108,159,OFF
12.1,71,107,71,OFF
14.7,97,185,85,BOTH
15.1,202,141,135,RED
1.6,139,108,149,OFF
27.3,123,120,161,OFF
15.7,99,193,83,OFF
18.9,127,121,136,OFF
23.0,93,103,94,OFF
7.2,234,103,89,OFF
19.2,149,109,160,OFF
13.3,147,107,91,RED
22.2,173,81,123,WHITE
0.0,188,87,119,OFF
14.6,188,98,70,RED
10.6,193,152,151,OFF
18.8,124,115,135,OFF
19.1,138,122,34,WHITE
9.7,181,178,123,OFF
9.7,129,179,82,OFF
14.5,150,119,156,OFF
8.2,166,105,56,OFF
22.1,181,97,98,RED
12.4,78,156,127,BOTH
0.0,178,122,115,RED
12.4,140,115,143,WHITE
7.1,178,98,53,RED
2.4,181,100,178,WHITE
5.5,214,142,133,OFF
16.3,204,79,166,WHITE
26.0,204,168,147,OFF
17.9,208,109,112,WHITE
10.5,161,124,62,OFF
19.0,151,78,90,RED
11.7,185,129,175,RED
9.8,179,117,167,BOTH
6.2,137,128,88,RED
1.4,166,186,1,OFF
12.3,148,137,104,OFF
16.7,115,99,101,OFF
14.6,201,102,103,OFF
12.1,152,153,133,OFF
7.8,232,180,147,OFF
20.3,85,141,152,OFF
4.9,127,156,130,WHITE
21.6,151,153,42,WHITE
7.4,195,184,99,OFF
9.4,166,55,203,OFF
3.7,162,155,127,OFF
11.4,104,167,127,OFF
23.2,103,78,127,OFF
19.5,163,96,129,OFF
23.2,95,97,19,OFF
19.6,128,102,103,OFF
6.6,170,111,111,OFF
12.7,110,139,163,OFF
9.2,214,163,114,OFF
26.0,199,171,48,RED
5.8,87,98,129,OFF
22.5,112,97,81,OFF
22.5,58,180,65,OFF
30.0,118,155,80,OFF
12.1,180,133,134,OFF
21.1,133,148,162,OFF
33.6,168,129,132,OFF
10.5,89,150,137,OFF
3.1,182,117,131,RED
0.4,127,140,117,OFF
21.1,150,72,140,OFF
0.3,146,103,17,OFF
12.4,99,104,117,OFF
18.9,103,115,71,WHITE
16.9,189,94,158,OFF
18.8,166,109,107,OFF
17.2,192,72,114,OFF
25.6,163,151,53,OFF
7.8,155,127,153,OFF
10.0,80,64,137,OFF
9.2,139,98,134,WHITE
22.0,149,143,80,OFF
22.6,228,109,82,OFF
19.0,177,103,121,OFF
24.9,211,127,85,RED
6.0,174,143,130,WHITE
28.7,121,75,27,RED
27.6,154,151,93,RED
21.3,159,99,183,BOTH
29.6,112,129,130,OFF
2.2,134,128,119,RED
11.2,141,109,191,BOTH
9.5,214,90,20,OFF
21.2,66,119,80,OFF
7.0,198,192,97,RED
21.4,112,77,146,WHITE
26.3,95,195,147,WHITE
20.9,197,120,78,RED
17.7,179,131,152,BOTH
7.5,200,88,97,OFF
8.6,182,100,160,OFF
25.4,232,110,72,OFF
21.6,172,90,108,OFF
15.1,143,122,93,OFF
12.1,163,114,154,OFF
0.0,200,201,92,OFF
6.8,118,85,111,WHITE
30.7,124,134,132,OFF
5.2,137,139,134,RED
16.9,65,89,147,WHITE
23.4,155,156,121,OFF
5.4,74,114,96,OFF
16.9,152,34,99,RED
22.9,184,155,114,OFF
15.5,131,87,122,OFF
38.3,217,89,107,OFF
2.1,91,156,113,OFF
23.9,197,116,53,OFF
14.0,177,165,139,OFF
21.6,81,176,120,OFF
18.9,255,105,152,OFF
9.5,147,160,113,BOTH
17.2,115,101,44,OFF
0.5,93,215,98,WHITE
20.2,141,103,105,RED
17.8,145,169,142,RED
20.5,154,162,31,OFF
23.8,138,142,114,OFF
18.3,175,104,133,RED
16.6,134,124,86,WHITE
8.4,72,47,115,OFF
9.7,144,138,88,OFF
24.9,55,143,84,RED
26.9,164,135,96,OFF
13.5,110,16,84,OFF
15.8,156,81,139,RED
8.2,202,101,84,OFF
24.8,112,141,77,OFF
20.7,192,141,182,WHITE
30.9,132,123,150,OFF
8.4,220,154,39,OFF
12.4,135,90,82,OFF
17.2,116,153,122,OFF
20.6,177,148,125,RED
13.7,132,144,54,OFF
8.4,116,123,158,OFF
22.4,131,200,145,OFF
21.2,148,149,131,OFF
8.1,204,93,166,OFF
26.2,72,139,130,OFF
24.7,151,159,130,OFF
16.5,175,107,174,OFF
16.0,157,171,156,OFF
19.8,202,144,79,WHITE
8.5,147,40,137,OFF
15.6,142,141,86,OFF
0.0,173,114,132,OFF
22.4,154,150,131,RED
2.9,134,166,58,OFF
27.4,170,137,108,BOTH
12.8,124,194,123,OFF
13.7,125,123,95,RED
10.4,129,154,125,OFF
13.1,204,161,144,RED
26.7,21,126,111,RED
0.0,166,160,121,OFF
25.6,151,107,167,OFF
18.1,82,113,131,OFF
5.7,162,79,120,OFF
6.8,169,139,75,RED
28.8,173,142,139,OFF
7.8,43,175,126,OFF
6.2,205,160,163,OFF
24.5,120,119,114,OFF
18.1,177,84,41,BOTH
7.9,179,146,46,WHITE
17.1,115,172,142,OFF
7.2,176,159,90,RED
24.2,134,171,130,WHITE
23.9,67,122,117,OFF
19.6,197,112,106,RED
18.3,119,101,109,OFF
29.5,115,128,78,OFF
15.4,134,127,112,OFF
5.9,161,138,89,RED
19.0,147,125,98,OFF
32.1,172,125,100,OFF
7.3,96,100,104,OFF
12.5,120,166,149,OFF
18.7,145,133,107,RED
15.0,226,123,153,OFF
7.5,145,101,173,OFF
24.4,193,79,146,OFF
33.9,151,180,134,OFF
17.0,130,151,125,OFF
8.2,140,67,147,OFF
3.0,143,159,116,OFF
17.5,174,165,151,OFF
24.2,205,134,137,OFF
19.2,164,191,98,OFF
15.4,197,138,148,RED
10.7,111,75,116,OFF
6.7,133,144,108,RED
22.1,121,139,94,OFF
22.7,162,107,119,OFF
3.0,135,152,152,OFF
28.1,179,66,148,OFF
20.0,112,168,126,OFF
26.6,151,96,136,RED
4.7,177,92,163,OFF
4.5,67,125,107,OFF
14.2,235,146,69,OFF
19.4,138,136,164,RED
29.7,68,101,92,BOTH
21.0,156,110,85,OFF
13.5,151,86,42,OFF
7.2,146,121,135,OFF
25.2,189,171,49,WHITE
7.7,180,130,83,BOTH
28.4,162,163,136,RED
13.1,168,186,141,OFF
28.1,146,107,87,OFF
20.8,221,123,107,RED
14.3,90,213,78,OFF
11.2,155,185,91,RED
12.7,152,66,123,OFF
18.8,182,145,93,OFF
16.0,116,130,103,OFF
10.6,80,161,55,RED
14.1,156,101,157,OFF
16.0,161,97,133,OFF
0.0,209,104,144,OFF
19.1,99,108,163,OFF
7.6,196,161,80,OFF
6.2,245,84,98,OFF
1.9,135,106,38,OFF
1.1,98,61,236,WHITE
4.6,133,168,107,BOTH
9.7,150,178,153,OFF
31.0,172,117,64,RED
11.2,126,118,152,OFF
16.8,212,147,186,WHITE
18.6,105,186,110,RED
16.4,80,145,73,OFF
14.8,194,103,107,OFF
5.8,58,68,25,OFF
27.0,142,87,111,RED
29.8,255,132,145,OFF
1.9,149,105,111,OFF
7.2,105,137,101,OFF
13.2,147,108,133,BOTH
7.7,148,89,136,WHITE
19.4,156,85,47,OFF
9.6,176,190,116,RED
32.7,108,164,209,RED
24.9,217,196,60,WHITE
17.1,160,150,109,OFF
23.6,179,113,189,OFF
24.2,125,180,156,OFF
10.9,201,128,92,OFF
8.9,139,138,121,OFF
16.0,161,128,112,OFF
22.3,112,17,83,OFF
16.5,110,191,110,OFF
2.8,177,149,101,OFF
9.0,132,142,117,OFF
14.8,115,127,83,WHITE
14.8,124,136,62,WHITE
31.2,178,107,111,OFF
4.3,124,153,180,WHITE
19.4,145,80,116,OFF
27.3,150,137,99,RED
33.5,73,151,142,OFF
12.2,91,122,106,OFF
19.3,163,144,186,OFF
19.9,120,92,112,OFF
17.0,192,93,140,OFF
14.6,188,139,83,OFF
18.9,179,156,132,OFF
0.0,223,58,123,WHITE
20.8,146,150,110,OFF
16.4,176,109,93,OFF
13.6,126,122,87,OFF
31.8,248,78,124,RED
10.0,229,97,137,OFF
12.2,150,167,107,OFF
31.3,165,131,124,OFF
8.7,204,115,111,OFF
11.0,144,125,116,OFF
14.2,123,148,105,OFF
22.1,185,147,113,OFF
17.1,153,127,219,OFF
5.1,157,172,125,OFF
11.1,116,167,138,OFF
10.5,81,146,130,OFF
14.8,159,132,102,BOTH
18.8,186,155,164,OFF
18.7,141,142,101,RED
1.2,207,170,154,OFF
23.9,121,164,99,OFF
17.4,107,91,75,RED
26.5,147,88,127,OFF
18.9,146,103,69,OFF
24.2,181,167,134,OFF
19.1,119,69,65,OFF
26.2,205,145,100,RED
19.6,229,144,56,OFF
14.6,148,174,224,OFF
33.6,200,137,47,RED
22.5,107,78,113,BOTH
20.0,193,93,158,RED
5.2,192,84,153,OFF
5.1,184,109,146,OFF
17.7,149,123,100,RED
16.6,31,85,166,RED
10.5,124,186,149,RED
16.5,125,79,121,WHITE
28.1,110,181,122,OFF
21.0,155,175,101,OFF
6.3,133,164,77,RED
14.5,117,103,161,OFF
9.0,107,143,164,OFF
12.3,121,81,78,OFF
12.1,195,165,106,RED
11.6,123,127,107,OFF
5.4,129,114,111,OFF
14.4,131,83,115,OFF
10.9,163,35,150,OFF
0.0,168,90,83,OFF
31.8,28,172,79,OFF
24.1,191,114,161,RED
12.4,207,123,94,WHITE
15.5,108,155,63,RED
6.0,111,199,93,OFF
28.9,132,181,99,OFF
30.6,119,92,174,OFF
16.6,159,55,149,OFF
23.6,72,220,158,OFF
16.8,105,217,145,RED
4.7,211,137,150,OFF
12.1,112,81,85,OFF
16.4,200,167,105,WHITE
11.8,164,126,73,OFF
13.6,77,125,104,WHITE
14.7,175,164,139,BOTH
14.7,145,143,118,OFF
15.8,131,84,164,OFF
6.9,160,117,68,RED
9.7,169,155,132,OFF
5.1,178,149,63,OFF
23.2,197,140,116,RED
0.0,166,166,142,OFF
24.6,95,116,104,OFF
26.5,131,137,134,OFF
13.0,255,0,75,RED
0.0,179,112,47,OFF
12.5,245,159,134,OFF
14.9,206,115,181,OFF
7.3,159,112,73,OFF
11.3,162,90,161,RED
27.6,148,168,114,RED
20.7,80,151,60,OFF
8.0,150,161,68,OFF
2.6,198,63,113,OFF
12.8,126,124,97,OFF
13.7,166,119,61,OFF
19.4,184,119,46,OFF
11.1,113,106,79,OFF
19.5,132,116,120,OFF
30.9,109,162,112,RED
21.9,117,56,93,RED
15.0,98,198,120,OFF
13.9,114,148,153,OFF
12.5,207,128,128,WHITE
24.8,113,164,108,BOTH
10.4,155,74,149,OFF
15.8,130,104,75,OFF
15.8,197,125,104,RED
11.4,202,182,105,OFF
4.4,184,128,64,OFF
18.0,162,147,96,OFF
14.9,140,107,31,OFF
19.4,102,148,188,OFF
11.1,228,194,76,WHITE
25.1,119,168,175,RED
8.4,176,127,114,OFF
29.1,192,156,135,OFF
1.4,127,152,93,OFF
18.9,191,149,121,OFF
19.2,180,172,138,OFF
9.0,219,172,139,WHITE
18.8,131,125,143,OFF
25.6,98,154,98,OFF
0.0,129,115,94,OFF
19.4,158,94,50,OFF
0.0,152,119,133,OFF
7.7,134,127,155,OFF
28.4,73,66,176,OFF
10.7,169,163,125,OFF
6.0,229,24,82,OFF
13.8,168,234,46,OFF
31.9,174,187,154,OFF
0.8,173,120,42,WHITE
7.0,166,130,99,OFF
27.4,187,141,104,OFF
30.2,166,107,110,OFF
14.6,137,137,114,OFF
5.5,118,124,118,RED
32.1,140,126,17,OFF
28.1,162,137,113,RED
20.8,137,79,25,OFF
8.9,162,131,141,OFF
15.0,167,136,91,RED
14.1,183,135,27,OFF
18.0,201,121,80,OFF
27.0,153,173,90,RED
22.4,97,116,159,BOTH
6.8,136,138,120,OFF
26.4,151,179,126,OFF
17.9,76,127,159,OFF
20.9,205,138,109,OFF
27.1,155,126,142,OFF
6.5,165,177,139,RED
15.1,204,120,62,OFF
11.1,124,179,171,RED
2.9,173,126,57,OFF
18.2,145,97,149,OFF
35.5,142,156,53,WHITE
0.7,119,118,136,OFF
15.1,217,153,186,OFF
20.5,135,25,104,OFF
16.4,178,130,102,OFF
14.5,74,112,137,OFF
5.0,197,89,100,OFF
17.3,192,108,184,OFF
9.3,154,108,120,OFF
0.0,141,128,100,RED
24.9,166,77,91,OFF
23.1,242,142,76,OFF
15.8,79,182,88,OFF
17.2,181,140,99,RED
24.0,113,161,93,RED
17.2,149,172,87,RED
22.6,140,177,195,OFF
13.0,133,201,72,OFF
25.9,149,111,118,OFF
18.0,104,102,136,WHITE
16.9,191,160,137,RED
5.2,78,157,110,BOTH
17.7,171,159,103,OFF
8.7,137,202,130,OFF
10.3,103,130,123,OFF
8.9,158,146,102,OFF
6.9,87,92,51,OFF
32.4,151,212,94,RED
26.0,93,117,67,OFF
30.7,168,118,86,OFF
5.6,113,116,114,OFF
16.0,132,105,127,OFF
5.1,161,102,183,OFF
9.8,119,110,91,OFF
8.1,147,77,143,OFF
25.3,89,100,125,OFF
12.2,175,204,164,WHITE
23.9,220,158,135,RED
20.2,255,165,73,OFF
33.8,153,175,45,OFF
3.6,181,200,125,OFF
25.5,78,62,92,BOTH
24.6,210,82,74,OFF
7.6,181,99,63,OFF
23.4,130,112,119,RED
18.1,199,118,172,OFF
13.6,139,113,96,WHITE
8.8,131,138,136,OFF
9.6,169,131,108,OFF
31.8,107,102,62,OFF
15.4,191,46,141,WHITE
21.6,107,92,69,WHITE
9.1,108,109,113,OFF
9.2,113,120,99,OFF
24.0,180,86,148,OFF
4.6,125,111,71,BOTH
12.1,96,86,128,OFF
15.7,125,125,79,RED
16.3,148,89,92,OFF
14.0,102,97,0,OFF
18.6,104,79,195,OFF
20.9,234,124,134,OFF
21.3,115,96,82,RED
7.5,137,164,68,OFF
13.1,135,145,93,OFF
24.9,133,127,141,OFF
22.5,175,99,38,OFF
4.4,188,144,107,WHITE
18.2,137,156,182,OFF
0.0,100,135,68,RED
15.8,201,191,116,RED
30.6,146,147,199,RED
7.8,219,165,137,WHITE
8.7,60,135,117,OFF
21.5,158,156,132,WHITE
3.1,227,99,97,OFF
10.3,136,112,164,OFF
20.2,141,143,97,RED
10.3,162,143,35,OFF
13.5,127,149,97,RED
21.3,137,172,74,RED
18.8,136,75,101,RED
17.5,125,92,102,OFF
12.7,199,138,160,OFF
18.4,168,102,140,OFF
14.4,160,255,123,RED
19.1,182,149,112,OFF
11.4,139,127,71,OFF
13.9,119,110,27,OFF
7.5,126,111,117,OFF
15.1,150,131,144,OFF
8.9,107,134,108,OFF
6.5,130,112,91,OFF
17.5,129,119,131,RED
17.1,235,181,109,OFF
21.6,38,183,179,OFF
11.9,143,139,161,OFF
18.7,219,78,150,RED
19.8,155,150,142,OFF
18.9,180,189,62,OFF
8.8,154,182,139,OFF
16.6,123,158,127,OFF
18.3,60,184,136,OFF
15.5,158,132,132,OFF
0.0,119,154,130,RED
16.7,118,104,219,OFF
33.1,130,141,110,OFF
12.5,220,181,149,OFF
9.6,246,107,94,OFF
18.4,158,97,144,WHITE
17.9,131,133,150,OFF
24.9,102,121,127,RED
5.3,168,155,178,RED
21.2,221,112,78,OFF
20.1,140,196,93,WHITE
14.3,54,80,121,OFF
18.1,177,178,147,OFF
23.6,189,100,120,OFF
22.4,86,61,163,OFF
6.3,157,139,86,OFF
21.9,168,120,68,OFF
14.9,147,87,125,OFF
16.0,118,65,109,OFF
16.0,190,129,134,OFF
14.2,134,167,111,OFF
24.9,90,152,99,OFF
14.7,68,132,110,OFF
6.4,200,148,114,OFF
12.2,174,129,100,OFF
16.8,153,75,105,OFF
25.2,132,75,97,OFF
20.2,128,122,146,OFF
8.6,107,124,120,WHITE
35.3,132,162,201,OFF
17.5,65,159,119,OFF
25.6,120,153,91,OFF
14.2,137,119,218,OFF
19.7,174,77,129,OFF
22.1,148,145,152,OFF
25.1,182,150,136,OFF
23.8,204,38,137,OFF
22.4,192,98,134,RED
12.9,169,103,69,OFF
10.8,150,134,127,OFF
18.1,110,99,60,RED
22.9,179,128,106,OFF
13.6,217,122,84,RED
23.9,163,124,127,OFF
27.0,227,102,126,OFF
8.1,89,105,131,OFF
8.7,103,88,124,BOTH
14.3,184,144,89,OFF
17.9,160,152,102,WHITE
11.2,202,100,149,OFF
26.2,149,188,155,OFF
18.8,115,118,67,WHITE
15.7,141,188,52,OFF
3.9,88,105,84,BOTH
4.9,104,52,154,OFF
17.6,189,145,160,WHITE
0.0,185,139,76,OFF
23.5,164,131,125,OFF
14.1,81,105,185,WHITE
41.3,135,128,129,OFF
33.8,101,110,169,OFF
13.9,197,118,152,OFF
14.5,126,162,77,OFF
23.3,106,137,105,BOTH
29.0,151,153,114,OFF
2.3,124,121,117,OFF
1.1,209,117,149,OFF
10.4,120,85,129,RED
20.1,94,115,0,OFF
19.4,63,2,61,OFF
23.9,148,107,26,OFF
5.8,127,127,119,OFF
0.0,92,151,122,WHITE
22.3,197,119,124,OFF
8.8,176,143,75,OFF
0.0,149,46,139,OFF
16.6,204,128,141,RED
21.7,176,65,63,OFF
14.4,117,83,55,OFF
11.7,108,123,113,OFF
14.1,183,179,183,RED
12.4,166,144,179,OFF
4.6,157,130,135,OFF
9.7,116,129,84,OFF
19.6,174,102,147,OFF
18.0,119,109,95,BOTH
16.7,146,146,82,OFF
7.4,208,77,28,WHITE
13.9,123,152,117,OFF
0.0,87,115,88,OFF
16.8,107,161,116,OFF
26.8,190,167,22,BOTH
3.6,160,65,119,OFF
10.7,145,107,17,WHITE
18.0,129,97,155,OFF
25.4,169,60,133,OFF
11.8,116,90,102,RED
9.9,162,223,135,WHITE
0.0,120,153,74,OFF
16.2,114,203,115,OFF
31.7,124,162,144,OFF
17.6,135,101,0,OFF
15.2,148,115,95,OFF
18.0,159,152,112,OFF
15.3,2,146,105,OFF
8.9,117,108,170,OFF
22.0,134,72,68,BOTH
17.2,210,255,88,OFF
15.5,106,124,37,OFF
7.6,156,117,172,BOTH
25.8,210,134,103,OFF
20.7,97,120,95,OFF
11.0,166,134,110,OFF
23.4,118,179,138,OFF
11.4,129,125,126,RED
9.1,117,85,217,OFF
9.3,120,123,130,OFF
1.2,255,112,94,OFF
19.2,184,184,90,WHITE
0.8,194,175,97,OFF
5.6,169,134,53,OFF
0.0,85,81,114,OFF
14.7,166,83,143,OFF
14.2,193,130,88,OFF
12.8,115,143,81,OFF
7.1,188,115,172,OFF
6.0,178,111,56,OFF
19.1,224,107,31,OFF
11.0,133,129,67,OFF
17.9,106,38,52,RED
8.3,135,87,128,OFF
16.8,207,106,98,OFF
25.8,76,176,104,OFF
20.1,67,98,158,OFF
12.1,153,137,85,OFF
17.4,132,138,143,RED
13.5,150,179,172,OFF
15.5,188,178,95,BOTH
12.8,128,127,142,BOTH
14.1,75,111,103,OFF
17.1,232,104,149,RED
7.5,110,120,51,OFF
7.3,107,113,48,OFF
4.3,194,151,97,OFF
2.6,134,146,77,OFF
5.7,147,152,92,WHITE
16.7,169,178,104,RED
8.3,193,201,141,RED
19.5,136,134,96,OFF
15.7,211,172,80,OFF
0.0,64,116,99,OFF
20.6,180,175,82,OFF
21.9,116,170,76,OFF
7.4,205,168,49,OFF
18.8,155,133,115,OFF
8.5,123,104,90,OFF
16.2,176,76,151,OFF
5.3,186,128,55,OFF
1.1,175,189,91,WHITE
12.3,108,118,184,OFF
14.4,130,160,75,OFF
12.2,150,162,103,RED
5.9,148,119,65,BOTH
12.2,180,180,59,RED
17.5,69,18,173,OFF
15.0,163,83,119,OFF
16.9,138,95,118,BOTH
10.0,116,98,46,RED
24.8,120,143,127,OFF
6.0,141,141,158,OFF
19.3,5,145,158,OFF
24.8,122,153,139,OFF
19.2,115,93,68,OFF
13.8,171,83,125,OFF
11.2,117,145,139,BOTH
23.7,141,106,42,OFF
4.0,212,69,68,OFF
7.6,190,167,148,OFF
12.2,186,183,147,OFF
25.3,130,189,51,OFF
18.4,171,137,144,RED
7.7,140,154,116,OFF
12.9,142,182,143,OFF
10.5,166,105,87,RED
9.7,126,172,138,OFF
23.2,210,140,146,WHITE
4.4,143,165,99,WHITE
28.3,175,137,113,WHITE
22.0,208,179,87,OFF
24.1,191,138,178,OFF
11.7,93,73,108,BOTH
14.2,168,185,76,OFF
3.9,184,93,84,OFF
